Metadata_Plate,Metadata_Well,Metadata_Row,Metadata_FieldID,Metadata_Assay_Plate_Barcode,Metadata_Plate_Map_Name,Metadata_well_position,Metadata_plating_density,Metadata_line_ID,FileName_OrigDNA,FileName_OrigER,FileName_OrigRNA,FileName_OrigAGP,FileName_OrigMito
cmqtlpl1.5-31-2019-mt,A12,1,5,cmqtlpl1.5-31-2019-mt,cmQTL_plate1_5.31.2019,A12,10000,34,r01c12f05p01-ch5sk1fk1fl1.tiff,r01c12f05p01-ch4sk1fk1fl1.tiff,r01c12f05p01-ch3sk1fk1fl1.tiff,r01c12f05p01-ch2sk1fk1fl1.tiff,r01c12f05p01-ch1sk1fk1fl1.tiff
cmqtlpl1.5-31-2019-mt,A18,1,5,cmqtlpl1.5-31-2019-mt,cmQTL_plate1_5.31.2019,A18,10000,2,r01c18f05p01-ch5sk1fk1fl1.tiff,r01c18f05p01-ch4sk1fk1fl1.tiff,r01c18f05p01-ch3sk1fk1fl1.tiff,r01c18f05p01-ch2sk1fk1fl1.tiff,r01c18f05p01-ch1sk1fk1fl1.tiff
cmqtlpl1.5-31-2019-mt,A20,1,5,cmqtlpl1.5-31-2019-mt,cmQTL_plate1_5.31.2019,A20,10000,16,r01c20f05p01-ch5sk1fk1fl1.tiff,r01c20f05p01-ch4sk1fk1fl1.tiff,r01c20f05p01-ch3sk1fk1fl1.tiff,r01c20f05p01-ch2sk1fk1fl1.tiff,r01c20f05p01-ch1sk1fk1fl1.tiff
cmqtlpl1.5-31-2019-mt,B07,2,5,cmqtlpl1.5-31-2019-mt,cmQTL_plate1_5.31.2019,B07,10000,26,r02c07f05p01-ch5sk1fk1fl1.tiff,r02c07f05p01-ch4sk1fk1fl1.tiff,r02c07f05p01-ch3sk1fk1fl1.tiff,r02c07f05p01-ch2sk1fk1fl1.tiff,r02c07f05p01-ch1sk1fk1fl1.tiff
cmqtlpl1.5-31-2019-mt,B10,2,5,cmqtlpl1.5-31-2019-mt,cmQTL_plate1_5.31.2019,B10,10000,4,r02c10f05p01-ch5sk1fk1fl1.tiff,r02c10f05p01-ch4sk1fk1fl1.tiff,r02c10f05p01-ch3sk1fk1fl1.tiff,r02c10f05p01-ch2sk1fk1fl1.tiff,r02c10f05p01-ch1sk1fk1fl1.tiff
cmqtlpl1.5-31-2019-mt,B24,2,5,cmqtlpl1.5-31-2019-mt,cmQTL_plate1_5.31.2019,B24,10000,12,r02c24f05p01-ch5sk1fk1fl1.tiff,r02c24f05p01-ch4sk1fk1fl1.tiff,r02c24f05p01-ch3sk1fk1fl1.tiff,r02c24f05p01-ch2sk1fk1fl1.tiff,r02c24f05p01-ch1sk1fk1fl1.tiff
cmqtlpl1.5-31-2019-mt,C04,3,5,cmqtlpl1.5-31-2019-mt,cmQTL_plate1_5.31.2019,C04,10000,39,r03c04f05p01-ch5sk1fk1fl1.tiff,r03c04f05p01-ch4sk1fk1fl1.tiff,r03c04f05p01-ch3sk1fk1fl1.tiff,r03c04f05p01-ch2sk1fk1fl1.tiff,r03c04f05p01-ch1sk1fk1fl1.tiff
cmqtlpl1.5-31-2019-mt,C23,3,5,cmqtlpl1.5-31-2019-mt,cmQTL_plate1_5.31.2019,C23,10000,29,r03c23f05p01-ch5sk1fk1fl1.tiff,r03c23f05p01-ch4sk1fk1fl1.tiff,r03c23f05p01-ch3sk1fk1fl1.tiff,r03c23f05p01-ch2sk1fk1fl1.tiff,r03c23f05p01-ch1sk1fk1fl1.tiff
cmqtlpl1.5-31-2019-mt,D07,4,5,cmqtlpl1.5-31-2019-mt,cmQTL_plate1_5.31.2019,D07,10000,42,r04c07f05p01-ch5sk1fk1fl1.tiff,r04c07f05p01-ch4sk1fk1fl1.tiff,r04c07f05p01-ch3sk1fk1fl1.tiff,r04c07f05p01-ch2sk1fk1fl1.tiff,r04c07f05p01-ch1sk1fk1fl1.tiff
cmqtlpl1.5-31-2019-mt,D09,4,5,cmqtlpl1.5-31-2019-mt,cmQTL_plate1_5.31.2019,D09,10000,7,r04c09f05p01-ch5sk1fk1fl1.tiff,r04c09f05p01-ch4sk1fk1fl1.tiff,r04c09f05p01-ch3sk1fk1fl1.tiff,r04c09f05p01-ch2sk1fk1fl1.tiff,r04c09f05p01-ch1sk1fk1fl1.tiff
cmqtlpl1.5-31-2019-mt,D16,4,5,cmqtlpl1.5-31-2019-mt,cmQTL_plate1_5.31.2019,D16,10000,38,r04c16f05p01-ch5sk1fk1fl1.tiff,r04c16f05p01-ch4sk1fk1fl1.tiff,r04c16f05p01-ch3sk1fk1fl1.tiff,r04c16f05p01-ch2sk1fk1fl1.tiff,r04c16f05p01-ch1sk1fk1fl1.tiff
cmqtlpl1.5-31-2019-mt,D17,4,5,cmqtlpl1.5-31-2019-mt,cmQTL_plate1_5.31.2019,D17,10000,43,r04c17f05p01-ch5sk1fk1fl1.tiff,r04c17f05p01-ch4sk1fk1fl1.tiff,r04c17f05p01-ch3sk1fk1fl1.tiff,r04c17f05p01-ch2sk1fk1fl1.tiff,r04c17f05p01-ch1sk1fk1fl1.tiff
cmqtlpl1.5-31-2019-mt,D20,4,5,cmqtlpl1.5-31-2019-mt,cmQTL_plate1_5.31.2019,D20,10000,18,r04c20f05p01-ch5sk1fk1fl1.tiff,r04c20f05p01-ch4sk1fk1fl1.tiff,r04c20f05p01-ch3sk1fk1fl1.tiff,r04c20f05p01-ch2sk1fk1fl1.tiff,r04c20f05p01-ch1sk1fk1fl1.tiff
cmqtlpl1.5-31-2019-mt,E05,5,5,cmqtlpl1.5-31-2019-mt,cmQTL_plate1_5.31.2019,E05,10000,32,r05c05f05p01-ch5sk1fk1fl1.tiff,r05c05f05p01-ch4sk1fk1fl1.tiff,r05c05f05p01-ch3sk1fk1fl1.tiff,r05c05f05p01-ch2sk1fk1fl1.tiff,r05c05f05p01-ch1sk1fk1fl1.tiff
cmqtlpl1.5-31-2019-mt,E12,5,5,cmqtlpl1.5-31-2019-mt,cmQTL_plate1_5.31.2019,E12,10000,33,r05c12f05p01-ch5sk1fk1fl1.tiff,r05c12f05p01-ch4sk1fk1fl1.tiff,r05c12f05p01-ch3sk1fk1fl1.tiff,r05c12f05p01-ch2sk1fk1fl1.tiff,r05c12f05p01-ch1sk1fk1fl1.tiff
cmqtlpl1.5-31-2019-mt,E15,5,5,cmqtlpl1.5-31-2019-mt,cmQTL_plate1_5.31.2019,E15,10000,9,r05c15f05p01-ch5sk1fk1fl1.tiff,r05c15f05p01-ch4sk1fk1fl1.tiff,r05c15f05p01-ch3sk1fk1fl1.tiff,r05c15f05p01-ch2sk1fk1fl1.tiff,r05c15f05p01-ch1sk1fk1fl1.tiff
cmqtlpl1.5-31-2019-mt,F01,6,5,cmqtlpl1.5-31-2019-mt,cmQTL_plate1_5.31.2019,F01,10000,27,r06c01f05p01-ch5sk1fk1fl1.tiff,r06c01f05p01-ch4sk1fk1fl1.tiff,r06c01f05p01-ch3sk1fk1fl1.tiff,r06c01f05p01-ch2sk1fk1fl1.tiff,r06c01f05p01-ch1sk1fk1fl1.tiff
cmqtlpl1.5-31-2019-mt,F18,6,5,cmqtlpl1.5-31-2019-mt,cmQTL_plate1_5.31.2019,F18,10000,23,r06c18f05p01-ch5sk1fk1fl1.tiff,r06c18f05p01-ch4sk1fk1fl1.tiff,r06c18f05p01-ch3sk1fk1fl1.tiff,r06c18f05p01-ch2sk1fk1fl1.tiff,r06c18f05p01-ch1sk1fk1fl1.tiff
cmqtlpl1.5-31-2019-mt,F20,6,5,cmqtlpl1.5-31-2019-mt,cmQTL_plate1_5.31.2019,F20,10000,22,r06c20f05p01-ch5sk1fk1fl1.tiff,r06c20f05p01-ch4sk1fk1fl1.tiff,r06c20f05p01-ch3sk1fk1fl1.tiff,r06c20f05p01-ch2sk1fk1fl1.tiff,r06c20f05p01-ch1sk1fk1fl1.tiff
cmqtlpl1.5-31-2019-mt,F22,6,5,cmqtlpl1.5-31-2019-mt,cmQTL_plate1_5.31.2019,F22,10000,3,r06c22f05p01-ch5sk1fk1fl1.tiff,r06c22f05p01-ch4sk1fk1fl1.tiff,r06c22f05p01-ch3sk1fk1fl1.tiff,r06c22f05p01-ch2sk1fk1fl1.tiff,r06c22f05p01-ch1sk1fk1fl1.tiff
cmqtlpl1.5-31-2019-mt,F24,6,5,cmqtlpl1.5-31-2019-mt,cmQTL_plate1_5.31.2019,F24,10000,28,r06c24f05p01-ch5sk1fk1fl1.tiff,r06c24f05p01-ch4sk1fk1fl1.tiff,r06c24f05p01-ch3sk1fk1fl1.tiff,r06c24f05p01-ch2sk1fk1fl1.tiff,r06c24f05p01-ch1sk1fk1fl1.tiff
cmqtlpl1.5-31-2019-mt,G04,7,5,cmqtlpl1.5-31-2019-mt,cmQTL_plate1_5.31.2019,G04,10000,35,r07c04f05p01-ch5sk1fk1fl1.tiff,r07c04f05p01-ch4sk1fk1fl1.tiff,r07c04f05p01-ch3sk1fk1fl1.tiff,r07c04f05p01-ch2sk1fk1fl1.tiff,r07c04f05p01-ch1sk1fk1fl1.tiff
cmqtlpl1.5-31-2019-mt,G09,7,5,cmqtlpl1.5-31-2019-mt,cmQTL_plate1_5.31.2019,G09,10000,24,r07c09f05p01-ch5sk1fk1fl1.tiff,r07c09f05p01-ch4sk1fk1fl1.tiff,r07c09f05p01-ch3sk1fk1fl1.tiff,r07c09f05p01-ch2sk1fk1fl1.tiff,r07c09f05p01-ch1sk1fk1fl1.tiff
cmqtlpl1.5-31-2019-mt,G19,7,5,cmqtlpl1.5-31-2019-mt,cmQTL_plate1_5.31.2019,G19,10000,10,r07c19f05p01-ch5sk1fk1fl1.tiff,r07c19f05p01-ch4sk1fk1fl1.tiff,r07c19f05p01-ch3sk1fk1fl1.tiff,r07c19f05p01-ch2sk1fk1fl1.tiff,r07c19f05p01-ch1sk1fk1fl1.tiff
cmqtlpl1.5-31-2019-mt,G21,7,5,cmqtlpl1.5-31-2019-mt,cmQTL_plate1_5.31.2019,G21,10000,45,r07c21f05p01-ch5sk1fk1fl1.tiff,r07c21f05p01-ch4sk1fk1fl1.tiff,r07c21f05p01-ch3sk1fk1fl1.tiff,r07c21f05p01-ch2sk1fk1fl1.tiff,r07c21f05p01-ch1sk1fk1fl1.tiff
cmqtlpl1.5-31-2019-mt,G24,7,5,cmqtlpl1.5-31-2019-mt,cmQTL_plate1_5.31.2019,G24,10000,11,r07c24f05p01-ch5sk1fk1fl1.tiff,r07c24f05p01-ch4sk1fk1fl1.tiff,r07c24f05p01-ch3sk1fk1fl1.tiff,r07c24f05p01-ch2sk1fk1fl1.tiff,r07c24f05p01-ch1sk1fk1fl1.tiff
cmqtlpl1.5-31-2019-mt,H06,8,5,cmqtlpl1.5-31-2019-mt,cmQTL_plate1_5.31.2019,H06,10000,13,r08c06f05p01-ch5sk1fk1fl1.tiff,r08c06f05p01-ch4sk1fk1fl1.tiff,r08c06f05p01-ch3sk1fk1fl1.tiff,r08c06f05p01-ch2sk1fk1fl1.tiff,r08c06f05p01-ch1sk1fk1fl1.tiff
cmqtlpl1.5-31-2019-mt,H11,8,5,cmqtlpl1.5-31-2019-mt,cmQTL_plate1_5.31.2019,H11,10000,17,r08c11f05p01-ch5sk1fk1fl1.tiff,r08c11f05p01-ch4sk1fk1fl1.tiff,r08c11f05p01-ch3sk1fk1fl1.tiff,r08c11f05p01-ch2sk1fk1fl1.tiff,r08c11f05p01-ch1sk1fk1fl1.tiff
cmqtlpl1.5-31-2019-mt,H17,8,5,cmqtlpl1.5-31-2019-mt,cmQTL_plate1_5.31.2019,H17,10000,31,r08c17f05p01-ch5sk1fk1fl1.tiff,r08c17f05p01-ch4sk1fk1fl1.tiff,r08c17f05p01-ch3sk1fk1fl1.tiff,r08c17f05p01-ch2sk1fk1fl1.tiff,r08c17f05p01-ch1sk1fk1fl1.tiff
cmqtlpl1.5-31-2019-mt,I14,9,5,cmqtlpl1.5-31-2019-mt,cmQTL_plate1_5.31.2019,I14,10000,47,r09c14f05p01-ch5sk1fk1fl1.tiff,r09c14f05p01-ch4sk1fk1fl1.tiff,r09c14f05p01-ch3sk1fk1fl1.tiff,r09c14f05p01-ch2sk1fk1fl1.tiff,r09c14f05p01-ch1sk1fk1fl1.tiff
cmqtlpl1.5-31-2019-mt,I16,9,5,cmqtlpl1.5-31-2019-mt,cmQTL_plate1_5.31.2019,I16,10000,5,r09c16f05p01-ch5sk1fk1fl1.tiff,r09c16f05p01-ch4sk1fk1fl1.tiff,r09c16f05p01-ch3sk1fk1fl1.tiff,r09c16f05p01-ch2sk1fk1fl1.tiff,r09c16f05p01-ch1sk1fk1fl1.tiff
cmqtlpl1.5-31-2019-mt,J09,10,5,cmqtlpl1.5-31-2019-mt,cmQTL_plate1_5.31.2019,J09,10000,20,r10c09f05p01-ch5sk1fk1fl1.tiff,r10c09f05p01-ch4sk1fk1fl1.tiff,r10c09f05p01-ch3sk1fk1fl1.tiff,r10c09f05p01-ch2sk1fk1fl1.tiff,r10c09f05p01-ch1sk1fk1fl1.tiff
cmqtlpl1.5-31-2019-mt,J24,10,5,cmqtlpl1.5-31-2019-mt,cmQTL_plate1_5.31.2019,J24,10000,19,r10c24f05p01-ch5sk1fk1fl1.tiff,r10c24f05p01-ch4sk1fk1fl1.tiff,r10c24f05p01-ch3sk1fk1fl1.tiff,r10c24f05p01-ch2sk1fk1fl1.tiff,r10c24f05p01-ch1sk1fk1fl1.tiff
cmqtlpl1.5-31-2019-mt,K05,11,5,cmqtlpl1.5-31-2019-mt,cmQTL_plate1_5.31.2019,K05,10000,41,r11c05f05p01-ch5sk1fk1fl1.tiff,r11c05f05p01-ch4sk1fk1fl1.tiff,r11c05f05p01-ch3sk1fk1fl1.tiff,r11c05f05p01-ch2sk1fk1fl1.tiff,r11c05f05p01-ch1sk1fk1fl1.tiff
cmqtlpl1.5-31-2019-mt,K12,11,5,cmqtlpl1.5-31-2019-mt,cmQTL_plate1_5.31.2019,K12,10000,48,r11c12f05p01-ch5sk1fk1fl1.tiff,r11c12f05p01-ch4sk1fk1fl1.tiff,r11c12f05p01-ch3sk1fk1fl1.tiff,r11c12f05p01-ch2sk1fk1fl1.tiff,r11c12f05p01-ch1sk1fk1fl1.tiff
cmqtlpl1.5-31-2019-mt,K22,11,5,cmqtlpl1.5-31-2019-mt,cmQTL_plate1_5.31.2019,K22,10000,46,r11c22f05p01-ch5sk1fk1fl1.tiff,r11c22f05p01-ch4sk1fk1fl1.tiff,r11c22f05p01-ch3sk1fk1fl1.tiff,r11c22f05p01-ch2sk1fk1fl1.tiff,r11c22f05p01-ch1sk1fk1fl1.tiff
cmqtlpl1.5-31-2019-mt,L02,12,5,cmqtlpl1.5-31-2019-mt,cmQTL_plate1_5.31.2019,L02,10000,6,r12c02f05p01-ch5sk1fk1fl1.tiff,r12c02f05p01-ch4sk1fk1fl1.tiff,r12c02f05p01-ch3sk1fk1fl1.tiff,r12c02f05p01-ch2sk1fk1fl1.tiff,r12c02f05p01-ch1sk1fk1fl1.tiff
cmqtlpl1.5-31-2019-mt,L04,12,5,cmqtlpl1.5-31-2019-mt,cmQTL_plate1_5.31.2019,L04,10000,40,r12c04f05p01-ch5sk1fk1fl1.tiff,r12c04f05p01-ch4sk1fk1fl1.tiff,r12c04f05p01-ch3sk1fk1fl1.tiff,r12c04f05p01-ch2sk1fk1fl1.tiff,r12c04f05p01-ch1sk1fk1fl1.tiff
cmqtlpl1.5-31-2019-mt,L18,12,5,cmqtlpl1.5-31-2019-mt,cmQTL_plate1_5.31.2019,L18,10000,30,r12c18f05p01-ch5sk1fk1fl1.tiff,r12c18f05p01-ch4sk1fk1fl1.tiff,r12c18f05p01-ch3sk1fk1fl1.tiff,r12c18f05p01-ch2sk1fk1fl1.tiff,r12c18f05p01-ch1sk1fk1fl1.tiff
cmqtlpl1.5-31-2019-mt,M14,13,5,cmqtlpl1.5-31-2019-mt,cmQTL_plate1_5.31.2019,M14,10000,25,r13c14f05p01-ch5sk1fk1fl1.tiff,r13c14f05p01-ch4sk1fk1fl1.tiff,r13c14f05p01-ch3sk1fk1fl1.tiff,r13c14f05p01-ch2sk1fk1fl1.tiff,r13c14f05p01-ch1sk1fk1fl1.tiff
cmqtlpl1.5-31-2019-mt,N04,14,5,cmqtlpl1.5-31-2019-mt,cmQTL_plate1_5.31.2019,N04,10000,36,r14c04f05p01-ch5sk1fk1fl1.tiff,r14c04f05p01-ch4sk1fk1fl1.tiff,r14c04f05p01-ch3sk1fk1fl1.tiff,r14c04f05p01-ch2sk1fk1fl1.tiff,r14c04f05p01-ch1sk1fk1fl1.tiff
cmqtlpl1.5-31-2019-mt,N18,14,5,cmqtlpl1.5-31-2019-mt,cmQTL_plate1_5.31.2019,N18,10000,44,r14c18f05p01-ch5sk1fk1fl1.tiff,r14c18f05p01-ch4sk1fk1fl1.tiff,r14c18f05p01-ch3sk1fk1fl1.tiff,r14c18f05p01-ch2sk1fk1fl1.tiff,r14c18f05p01-ch1sk1fk1fl1.tiff
cmqtlpl1.5-31-2019-mt,N20,14,5,cmqtlpl1.5-31-2019-mt,cmQTL_plate1_5.31.2019,N20,10000,15,r14c20f05p01-ch5sk1fk1fl1.tiff,r14c20f05p01-ch4sk1fk1fl1.tiff,r14c20f05p01-ch3sk1fk1fl1.tiff,r14c20f05p01-ch2sk1fk1fl1.tiff,r14c20f05p01-ch1sk1fk1fl1.tiff
cmqtlpl1.5-31-2019-mt,N22,14,5,cmqtlpl1.5-31-2019-mt,cmQTL_plate1_5.31.2019,N22,10000,37,r14c22f05p01-ch5sk1fk1fl1.tiff,r14c22f05p01-ch4sk1fk1fl1.tiff,r14c22f05p01-ch3sk1fk1fl1.tiff,r14c22f05p01-ch2sk1fk1fl1.tiff,r14c22f05p01-ch1sk1fk1fl1.tiff
cmqtlpl1.5-31-2019-mt,O12,15,5,cmqtlpl1.5-31-2019-mt,cmQTL_plate1_5.31.2019,O12,10000,21,r15c12f05p01-ch5sk1fk1fl1.tiff,r15c12f05p01-ch4sk1fk1fl1.tiff,r15c12f05p01-ch3sk1fk1fl1.tiff,r15c12f05p01-ch2sk1fk1fl1.tiff,r15c12f05p01-ch1sk1fk1fl1.tiff
cmqtlpl1.5-31-2019-mt,P05,16,5,cmqtlpl1.5-31-2019-mt,cmQTL_plate1_5.31.2019,P05,10000,8,r16c05f05p01-ch5sk1fk1fl1.tiff,r16c05f05p01-ch4sk1fk1fl1.tiff,r16c05f05p01-ch3sk1fk1fl1.tiff,r16c05f05p01-ch2sk1fk1fl1.tiff,r16c05f05p01-ch1sk1fk1fl1.tiff
cmqtlpl261-2019-mt,A05,1,5,cmqtlpl261-2019-mt,cmQTL_plate2_6.3.2019,A05,10000,57,r01c05f05p01-ch5sk1fk1fl1.tiff,r01c05f05p01-ch4sk1fk1fl1.tiff,r01c05f05p01-ch3sk1fk1fl1.tiff,r01c05f05p01-ch2sk1fk1fl1.tiff,r01c05f05p01-ch1sk1fk1fl1.tiff
cmqtlpl261-2019-mt,A11,1,5,cmqtlpl261-2019-mt,cmQTL_plate2_6.3.2019,A11,10000,82,r01c11f05p01-ch5sk1fk1fl1.tiff,r01c11f05p01-ch4sk1fk1fl1.tiff,r01c11f05p01-ch3sk1fk1fl1.tiff,r01c11f05p01-ch2sk1fk1fl1.tiff,r01c11f05p01-ch1sk1fk1fl1.tiff
cmqtlpl261-2019-mt,A18,1,5,cmqtlpl261-2019-mt,cmQTL_plate2_6.3.2019,A18,10000,50,r01c18f05p01-ch5sk1fk1fl1.tiff,r01c18f05p01-ch4sk1fk1fl1.tiff,r01c18f05p01-ch3sk1fk1fl1.tiff,r01c18f05p01-ch2sk1fk1fl1.tiff,r01c18f05p01-ch1sk1fk1fl1.tiff
cmqtlpl261-2019-mt,A24,1,5,cmqtlpl261-2019-mt,cmQTL_plate2_6.3.2019,A24,10000,60,r01c24f05p01-ch5sk1fk1fl1.tiff,r01c24f05p01-ch4sk1fk1fl1.tiff,r01c24f05p01-ch3sk1fk1fl1.tiff,r01c24f05p01-ch2sk1fk1fl1.tiff,r01c24f05p01-ch1sk1fk1fl1.tiff
cmqtlpl261-2019-mt,B09,2,5,cmqtlpl261-2019-mt,cmQTL_plate2_6.3.2019,B09,10000,52,r02c09f05p01-ch5sk1fk1fl1.tiff,r02c09f05p01-ch4sk1fk1fl1.tiff,r02c09f05p01-ch3sk1fk1fl1.tiff,r02c09f05p01-ch2sk1fk1fl1.tiff,r02c09f05p01-ch1sk1fk1fl1.tiff
cmqtlpl261-2019-mt,B22,2,5,cmqtlpl261-2019-mt,cmQTL_plate2_6.3.2019,B22,10000,68,r02c22f05p01-ch5sk1fk1fl1.tiff,r02c22f05p01-ch4sk1fk1fl1.tiff,r02c22f05p01-ch3sk1fk1fl1.tiff,r02c22f05p01-ch2sk1fk1fl1.tiff,r02c22f05p01-ch1sk1fk1fl1.tiff
cmqtlpl261-2019-mt,C04,3,5,cmqtlpl261-2019-mt,cmQTL_plate2_6.3.2019,C04,10000,87,r03c04f05p01-ch5sk1fk1fl1.tiff,r03c04f05p01-ch4sk1fk1fl1.tiff,r03c04f05p01-ch3sk1fk1fl1.tiff,r03c04f05p01-ch2sk1fk1fl1.tiff,r03c04f05p01-ch1sk1fk1fl1.tiff
cmqtlpl261-2019-mt,C05,3,5,cmqtlpl261-2019-mt,cmQTL_plate2_6.3.2019,C05,10000,85,r03c05f05p01-ch5sk1fk1fl1.tiff,r03c05f05p01-ch4sk1fk1fl1.tiff,r03c05f05p01-ch3sk1fk1fl1.tiff,r03c05f05p01-ch2sk1fk1fl1.tiff,r03c05f05p01-ch1sk1fk1fl1.tiff
cmqtlpl261-2019-mt,C09,3,5,cmqtlpl261-2019-mt,cmQTL_plate2_6.3.2019,C09,10000,55,r03c09f05p01-ch5sk1fk1fl1.tiff,r03c09f05p01-ch4sk1fk1fl1.tiff,r03c09f05p01-ch3sk1fk1fl1.tiff,r03c09f05p01-ch2sk1fk1fl1.tiff,r03c09f05p01-ch1sk1fk1fl1.tiff
cmqtlpl261-2019-mt,C11,3,5,cmqtlpl261-2019-mt,cmQTL_plate2_6.3.2019,C11,10000,77,r03c11f05p01-ch5sk1fk1fl1.tiff,r03c11f05p01-ch4sk1fk1fl1.tiff,r03c11f05p01-ch3sk1fk1fl1.tiff,r03c11f05p01-ch2sk1fk1fl1.tiff,r03c11f05p01-ch1sk1fk1fl1.tiff
cmqtlpl261-2019-mt,C15,3,5,cmqtlpl261-2019-mt,cmQTL_plate2_6.3.2019,C15,10000,86,r03c15f05p01-ch5sk1fk1fl1.tiff,r03c15f05p01-ch4sk1fk1fl1.tiff,r03c15f05p01-ch3sk1fk1fl1.tiff,r03c15f05p01-ch2sk1fk1fl1.tiff,r03c15f05p01-ch1sk1fk1fl1.tiff
cmqtlpl261-2019-mt,C19,3,5,cmqtlpl261-2019-mt,cmQTL_plate2_6.3.2019,C19,10000,66,r03c19f05p01-ch5sk1fk1fl1.tiff,r03c19f05p01-ch4sk1fk1fl1.tiff,r03c19f05p01-ch3sk1fk1fl1.tiff,r03c19f05p01-ch2sk1fk1fl1.tiff,r03c19f05p01-ch1sk1fk1fl1.tiff
cmqtlpl261-2019-mt,D07,4,5,cmqtlpl261-2019-mt,cmQTL_plate2_6.3.2019,D07,10000,90,r04c07f05p01-ch5sk1fk1fl1.tiff,r04c07f05p01-ch4sk1fk1fl1.tiff,r04c07f05p01-ch3sk1fk1fl1.tiff,r04c07f05p01-ch2sk1fk1fl1.tiff,r04c07f05p01-ch1sk1fk1fl1.tiff
cmqtlpl261-2019-mt,D21,4,5,cmqtlpl261-2019-mt,cmQTL_plate2_6.3.2019,D21,10000,54,r04c21f05p01-ch5sk1fk1fl1.tiff,r04c21f05p01-ch4sk1fk1fl1.tiff,r04c21f05p01-ch3sk1fk1fl1.tiff,r04c21f05p01-ch2sk1fk1fl1.tiff,r04c21f05p01-ch1sk1fk1fl1.tiff
cmqtlpl261-2019-mt,E02,5,5,cmqtlpl261-2019-mt,cmQTL_plate2_6.3.2019,E02,10000,75,r05c02f05p01-ch5sk1fk1fl1.tiff,r05c02f05p01-ch4sk1fk1fl1.tiff,r05c02f05p01-ch3sk1fk1fl1.tiff,r05c02f05p01-ch2sk1fk1fl1.tiff,r05c02f05p01-ch1sk1fk1fl1.tiff
cmqtlpl261-2019-mt,E17,5,5,cmqtlpl261-2019-mt,cmQTL_plate2_6.3.2019,E17,10000,71,r05c17f05p01-ch5sk1fk1fl1.tiff,r05c17f05p01-ch4sk1fk1fl1.tiff,r05c17f05p01-ch3sk1fk1fl1.tiff,r05c17f05p01-ch2sk1fk1fl1.tiff,r05c17f05p01-ch1sk1fk1fl1.tiff
cmqtlpl261-2019-mt,E22,5,5,cmqtlpl261-2019-mt,cmQTL_plate2_6.3.2019,E22,10000,51,r05c22f05p01-ch5sk1fk1fl1.tiff,r05c22f05p01-ch4sk1fk1fl1.tiff,r05c22f05p01-ch3sk1fk1fl1.tiff,r05c22f05p01-ch2sk1fk1fl1.tiff,r05c22f05p01-ch1sk1fk1fl1.tiff
cmqtlpl261-2019-mt,E24,5,5,cmqtlpl261-2019-mt,cmQTL_plate2_6.3.2019,E24,10000,76,r05c24f05p01-ch5sk1fk1fl1.tiff,r05c24f05p01-ch4sk1fk1fl1.tiff,r05c24f05p01-ch3sk1fk1fl1.tiff,r05c24f05p01-ch2sk1fk1fl1.tiff,r05c24f05p01-ch1sk1fk1fl1.tiff
cmqtlpl261-2019-mt,F06,6,5,cmqtlpl261-2019-mt,cmQTL_plate2_6.3.2019,F06,10000,80,r06c06f05p01-ch5sk1fk1fl1.tiff,r06c06f05p01-ch4sk1fk1fl1.tiff,r06c06f05p01-ch3sk1fk1fl1.tiff,r06c06f05p01-ch2sk1fk1fl1.tiff,r06c06f05p01-ch1sk1fk1fl1.tiff
cmqtlpl261-2019-mt,F13,6,5,cmqtlpl261-2019-mt,cmQTL_plate2_6.3.2019,F13,10000,62,r06c13f05p01-ch5sk1fk1fl1.tiff,r06c13f05p01-ch4sk1fk1fl1.tiff,r06c13f05p01-ch3sk1fk1fl1.tiff,r06c13f05p01-ch2sk1fk1fl1.tiff,r06c13f05p01-ch1sk1fk1fl1.tiff
cmqtlpl261-2019-mt,G01,7,5,cmqtlpl261-2019-mt,cmQTL_plate2_6.3.2019,G01,10000,53,r07c01f05p01-ch5sk1fk1fl1.tiff,r07c01f05p01-ch4sk1fk1fl1.tiff,r07c01f05p01-ch3sk1fk1fl1.tiff,r07c01f05p01-ch2sk1fk1fl1.tiff,r07c01f05p01-ch1sk1fk1fl1.tiff
cmqtlpl261-2019-mt,G10,7,5,cmqtlpl261-2019-mt,cmQTL_plate2_6.3.2019,G10,10000,72,r07c10f05p01-ch5sk1fk1fl1.tiff,r07c10f05p01-ch4sk1fk1fl1.tiff,r07c10f05p01-ch3sk1fk1fl1.tiff,r07c10f05p01-ch2sk1fk1fl1.tiff,r07c10f05p01-ch1sk1fk1fl1.tiff
cmqtlpl261-2019-mt,G11,7,5,cmqtlpl261-2019-mt,cmQTL_plate2_6.3.2019,G11,10000,65,r07c11f05p01-ch5sk1fk1fl1.tiff,r07c11f05p01-ch4sk1fk1fl1.tiff,r07c11f05p01-ch3sk1fk1fl1.tiff,r07c11f05p01-ch2sk1fk1fl1.tiff,r07c11f05p01-ch1sk1fk1fl1.tiff
cmqtlpl261-2019-mt,G19,7,5,cmqtlpl261-2019-mt,cmQTL_plate2_6.3.2019,G19,10000,58,r07c19f05p01-ch5sk1fk1fl1.tiff,r07c19f05p01-ch4sk1fk1fl1.tiff,r07c19f05p01-ch3sk1fk1fl1.tiff,r07c19f05p01-ch2sk1fk1fl1.tiff,r07c19f05p01-ch1sk1fk1fl1.tiff
cmqtlpl261-2019-mt,G23,7,5,cmqtlpl261-2019-mt,cmQTL_plate2_6.3.2019,G23,10000,59,r07c23f05p01-ch5sk1fk1fl1.tiff,r07c23f05p01-ch4sk1fk1fl1.tiff,r07c23f05p01-ch3sk1fk1fl1.tiff,r07c23f05p01-ch2sk1fk1fl1.tiff,r07c23f05p01-ch1sk1fk1fl1.tiff
cmqtlpl261-2019-mt,H17,8,5,cmqtlpl261-2019-mt,cmQTL_plate2_6.3.2019,H17,10000,79,r08c17f05p01-ch5sk1fk1fl1.tiff,r08c17f05p01-ch4sk1fk1fl1.tiff,r08c17f05p01-ch3sk1fk1fl1.tiff,r08c17f05p01-ch2sk1fk1fl1.tiff,r08c17f05p01-ch1sk1fk1fl1.tiff
cmqtlpl261-2019-mt,I13,9,5,cmqtlpl261-2019-mt,cmQTL_plate2_6.3.2019,I13,10000,1,r09c13f05p01-ch5sk1fk1fl1.tiff,r09c13f05p01-ch4sk1fk1fl1.tiff,r09c13f05p01-ch3sk1fk1fl1.tiff,r09c13f05p01-ch2sk1fk1fl1.tiff,r09c13f05p01-ch1sk1fk1fl1.tiff
cmqtlpl261-2019-mt,I18,9,5,cmqtlpl261-2019-mt,cmQTL_plate2_6.3.2019,I18,10000,88,r09c18f05p01-ch5sk1fk1fl1.tiff,r09c18f05p01-ch4sk1fk1fl1.tiff,r09c18f05p01-ch3sk1fk1fl1.tiff,r09c18f05p01-ch2sk1fk1fl1.tiff,r09c18f05p01-ch1sk1fk1fl1.tiff
cmqtlpl261-2019-mt,I23,9,5,cmqtlpl261-2019-mt,cmQTL_plate2_6.3.2019,I23,10000,67,r09c23f05p01-ch5sk1fk1fl1.tiff,r09c23f05p01-ch4sk1fk1fl1.tiff,r09c23f05p01-ch3sk1fk1fl1.tiff,r09c23f05p01-ch2sk1fk1fl1.tiff,r09c23f05p01-ch1sk1fk1fl1.tiff
cmqtlpl261-2019-mt,L06,12,5,cmqtlpl261-2019-mt,cmQTL_plate2_6.3.2019,L06,10000,89,r12c06f05p01-ch5sk1fk1fl1.tiff,r12c06f05p01-ch4sk1fk1fl1.tiff,r12c06f05p01-ch3sk1fk1fl1.tiff,r12c06f05p01-ch2sk1fk1fl1.tiff,r12c06f05p01-ch1sk1fk1fl1.tiff
cmqtlpl261-2019-mt,L09,12,5,cmqtlpl261-2019-mt,cmQTL_plate2_6.3.2019,L09,10000,74,r12c09f05p01-ch5sk1fk1fl1.tiff,r12c09f05p01-ch4sk1fk1fl1.tiff,r12c09f05p01-ch3sk1fk1fl1.tiff,r12c09f05p01-ch2sk1fk1fl1.tiff,r12c09f05p01-ch1sk1fk1fl1.tiff
cmqtlpl261-2019-mt,L17,12,5,cmqtlpl261-2019-mt,cmQTL_plate2_6.3.2019,L17,10000,78,r12c17f05p01-ch5sk1fk1fl1.tiff,r12c17f05p01-ch4sk1fk1fl1.tiff,r12c17f05p01-ch3sk1fk1fl1.tiff,r12c17f05p01-ch2sk1fk1fl1.tiff,r12c17f05p01-ch1sk1fk1fl1.tiff
cmqtlpl261-2019-mt,L22,12,5,cmqtlpl261-2019-mt,cmQTL_plate2_6.3.2019,L22,10000,94,r12c22f05p01-ch5sk1fk1fl1.tiff,r12c22f05p01-ch4sk1fk1fl1.tiff,r12c22f05p01-ch3sk1fk1fl1.tiff,r12c22f05p01-ch2sk1fk1fl1.tiff,r12c22f05p01-ch1sk1fk1fl1.tiff
cmqtlpl261-2019-mt,M03,13,5,cmqtlpl261-2019-mt,cmQTL_plate2_6.3.2019,M03,10000,84,r13c03f05p01-ch5sk1fk1fl1.tiff,r13c03f05p01-ch4sk1fk1fl1.tiff,r13c03f05p01-ch3sk1fk1fl1.tiff,r13c03f05p01-ch2sk1fk1fl1.tiff,r13c03f05p01-ch1sk1fk1fl1.tiff
cmqtlpl261-2019-mt,M07,13,5,cmqtlpl261-2019-mt,cmQTL_plate2_6.3.2019,M07,10000,64,r13c07f05p01-ch5sk1fk1fl1.tiff,r13c07f05p01-ch4sk1fk1fl1.tiff,r13c07f05p01-ch3sk1fk1fl1.tiff,r13c07f05p01-ch2sk1fk1fl1.tiff,r13c07f05p01-ch1sk1fk1fl1.tiff
cmqtlpl261-2019-mt,M10,13,5,cmqtlpl261-2019-mt,cmQTL_plate2_6.3.2019,M10,10000,93,r13c10f05p01-ch5sk1fk1fl1.tiff,r13c10f05p01-ch4sk1fk1fl1.tiff,r13c10f05p01-ch3sk1fk1fl1.tiff,r13c10f05p01-ch2sk1fk1fl1.tiff,r13c10f05p01-ch1sk1fk1fl1.tiff
cmqtlpl261-2019-mt,M13,13,5,cmqtlpl261-2019-mt,cmQTL_plate2_6.3.2019,M13,10000,73,r13c13f05p01-ch5sk1fk1fl1.tiff,r13c13f05p01-ch4sk1fk1fl1.tiff,r13c13f05p01-ch3sk1fk1fl1.tiff,r13c13f05p01-ch2sk1fk1fl1.tiff,r13c13f05p01-ch1sk1fk1fl1.tiff
cmqtlpl261-2019-mt,M18,13,5,cmqtlpl261-2019-mt,cmQTL_plate2_6.3.2019,M18,10000,92,r13c18f05p01-ch5sk1fk1fl1.tiff,r13c18f05p01-ch4sk1fk1fl1.tiff,r13c18f05p01-ch3sk1fk1fl1.tiff,r13c18f05p01-ch2sk1fk1fl1.tiff,r13c18f05p01-ch1sk1fk1fl1.tiff
cmqtlpl261-2019-mt,M20,13,5,cmqtlpl261-2019-mt,cmQTL_plate2_6.3.2019,M20,10000,63,r13c20f05p01-ch5sk1fk1fl1.tiff,r13c20f05p01-ch4sk1fk1fl1.tiff,r13c20f05p01-ch3sk1fk1fl1.tiff,r13c20f05p01-ch2sk1fk1fl1.tiff,r13c20f05p01-ch1sk1fk1fl1.tiff
cmqtlpl261-2019-mt,N05,14,5,cmqtlpl261-2019-mt,cmQTL_plate2_6.3.2019,N05,10000,91,r14c05f05p01-ch5sk1fk1fl1.tiff,r14c05f05p01-ch4sk1fk1fl1.tiff,r14c05f05p01-ch3sk1fk1fl1.tiff,r14c05f05p01-ch2sk1fk1fl1.tiff,r14c05f05p01-ch1sk1fk1fl1.tiff
cmqtlpl261-2019-mt,O05,15,5,cmqtlpl261-2019-mt,cmQTL_plate2_6.3.2019,O05,10000,56,r15c05f05p01-ch5sk1fk1fl1.tiff,r15c05f05p01-ch4sk1fk1fl1.tiff,r15c05f05p01-ch3sk1fk1fl1.tiff,r15c05f05p01-ch2sk1fk1fl1.tiff,r15c05f05p01-ch1sk1fk1fl1.tiff
cmqtlpl261-2019-mt,O19,15,5,cmqtlpl261-2019-mt,cmQTL_plate2_6.3.2019,O19,10000,61,r15c19f05p01-ch5sk1fk1fl1.tiff,r15c19f05p01-ch4sk1fk1fl1.tiff,r15c19f05p01-ch3sk1fk1fl1.tiff,r15c19f05p01-ch2sk1fk1fl1.tiff,r15c19f05p01-ch1sk1fk1fl1.tiff
cmqtlpl261-2019-mt,O22,15,5,cmqtlpl261-2019-mt,cmQTL_plate2_6.3.2019,O22,10000,83,r15c22f05p01-ch5sk1fk1fl1.tiff,r15c22f05p01-ch4sk1fk1fl1.tiff,r15c22f05p01-ch3sk1fk1fl1.tiff,r15c22f05p01-ch2sk1fk1fl1.tiff,r15c22f05p01-ch1sk1fk1fl1.tiff
cmqtlpl261-2019-mt,O24,15,5,cmqtlpl261-2019-mt,cmQTL_plate2_6.3.2019,O24,10000,70,r15c24f05p01-ch5sk1fk1fl1.tiff,r15c24f05p01-ch4sk1fk1fl1.tiff,r15c24f05p01-ch3sk1fk1fl1.tiff,r15c24f05p01-ch2sk1fk1fl1.tiff,r15c24f05p01-ch1sk1fk1fl1.tiff
cmqtlpl261-2019-mt,P11,16,5,cmqtlpl261-2019-mt,cmQTL_plate2_6.3.2019,P11,10000,69,r16c11f05p01-ch5sk1fk1fl1.tiff,r16c11f05p01-ch4sk1fk1fl1.tiff,r16c11f05p01-ch3sk1fk1fl1.tiff,r16c11f05p01-ch2sk1fk1fl1.tiff,r16c11f05p01-ch1sk1fk1fl1.tiff
cmqtlpl261-2019-mt,P17,16,5,cmqtlpl261-2019-mt,cmQTL_plate2_6.3.2019,P17,10000,81,r16c17f05p01-ch5sk1fk1fl1.tiff,r16c17f05p01-ch4sk1fk1fl1.tiff,r16c17f05p01-ch3sk1fk1fl1.tiff,r16c17f05p01-ch2sk1fk1fl1.tiff,r16c17f05p01-ch1sk1fk1fl1.tiff
BR00106708,A03,1,5,BR00106708,cmQTL_plate4_8.9.2019,A03,10000,170,r01c03f05p01-ch5sk1fk1fl1.tiff,r01c03f05p01-ch4sk1fk1fl1.tiff,r01c03f05p01-ch3sk1fk1fl1.tiff,r01c03f05p01-ch2sk1fk1fl1.tiff,r01c03f05p01-ch1sk1fk1fl1.tiff
BR00106708,A11,1,5,BR00106708,cmQTL_plate4_8.9.2019,A11,10000,174,r01c11f05p01-ch5sk1fk1fl1.tiff,r01c11f05p01-ch4sk1fk1fl1.tiff,r01c11f05p01-ch3sk1fk1fl1.tiff,r01c11f05p01-ch2sk1fk1fl1.tiff,r01c11f05p01-ch1sk1fk1fl1.tiff
BR00106708,B05,2,5,BR00106708,cmQTL_plate4_8.9.2019,B05,10000,149,r02c05f05p01-ch5sk1fk1fl1.tiff,r02c05f05p01-ch4sk1fk1fl1.tiff,r02c05f05p01-ch3sk1fk1fl1.tiff,r02c05f05p01-ch2sk1fk1fl1.tiff,r02c05f05p01-ch1sk1fk1fl1.tiff
BR00106708,B18,2,5,BR00106708,cmQTL_plate4_8.9.2019,B18,10000,142,r02c18f05p01-ch5sk1fk1fl1.tiff,r02c18f05p01-ch4sk1fk1fl1.tiff,r02c18f05p01-ch3sk1fk1fl1.tiff,r02c18f05p01-ch2sk1fk1fl1.tiff,r02c18f05p01-ch1sk1fk1fl1.tiff
BR00106708,B19,2,5,BR00106708,cmQTL_plate4_8.9.2019,B19,10000,156,r02c19f05p01-ch5sk1fk1fl1.tiff,r02c19f05p01-ch4sk1fk1fl1.tiff,r02c19f05p01-ch3sk1fk1fl1.tiff,r02c19f05p01-ch2sk1fk1fl1.tiff,r02c19f05p01-ch1sk1fk1fl1.tiff
BR00106708,B23,2,5,BR00106708,cmQTL_plate4_8.9.2019,B23,10000,152,r02c23f05p01-ch5sk1fk1fl1.tiff,r02c23f05p01-ch4sk1fk1fl1.tiff,r02c23f05p01-ch3sk1fk1fl1.tiff,r02c23f05p01-ch2sk1fk1fl1.tiff,r02c23f05p01-ch1sk1fk1fl1.tiff
BR00106708,C03,3,5,BR00106708,cmQTL_plate4_8.9.2019,C03,10000,179,r03c03f05p01-ch5sk1fk1fl1.tiff,r03c03f05p01-ch4sk1fk1fl1.tiff,r03c03f05p01-ch3sk1fk1fl1.tiff,r03c03f05p01-ch2sk1fk1fl1.tiff,r03c03f05p01-ch1sk1fk1fl1.tiff
BR00106708,C06,3,5,BR00106708,cmQTL_plate4_8.9.2019,C06,10000,177,r03c06f05p01-ch5sk1fk1fl1.tiff,r03c06f05p01-ch4sk1fk1fl1.tiff,r03c06f05p01-ch3sk1fk1fl1.tiff,r03c06f05p01-ch2sk1fk1fl1.tiff,r03c06f05p01-ch1sk1fk1fl1.tiff
BR00106708,C12,3,5,BR00106708,cmQTL_plate4_8.9.2019,C12,10000,169,r03c12f05p01-ch5sk1fk1fl1.tiff,r03c12f05p01-ch4sk1fk1fl1.tiff,r03c12f05p01-ch3sk1fk1fl1.tiff,r03c12f05p01-ch2sk1fk1fl1.tiff,r03c12f05p01-ch1sk1fk1fl1.tiff
BR00106708,D01,4,5,BR00106708,cmQTL_plate4_8.9.2019,D01,10000,157,r04c01f05p01-ch5sk1fk1fl1.tiff,r04c01f05p01-ch4sk1fk1fl1.tiff,r04c01f05p01-ch3sk1fk1fl1.tiff,r04c01f05p01-ch2sk1fk1fl1.tiff,r04c01f05p01-ch1sk1fk1fl1.tiff
BR00106708,D07,4,5,BR00106708,cmQTL_plate4_8.9.2019,D07,10000,182,r04c07f05p01-ch5sk1fk1fl1.tiff,r04c07f05p01-ch4sk1fk1fl1.tiff,r04c07f05p01-ch3sk1fk1fl1.tiff,r04c07f05p01-ch2sk1fk1fl1.tiff,r04c07f05p01-ch1sk1fk1fl1.tiff
BR00106708,D10,4,5,BR00106708,cmQTL_plate4_8.9.2019,D10,10000,147,r04c10f05p01-ch5sk1fk1fl1.tiff,r04c10f05p01-ch4sk1fk1fl1.tiff,r04c10f05p01-ch3sk1fk1fl1.tiff,r04c10f05p01-ch2sk1fk1fl1.tiff,r04c10f05p01-ch1sk1fk1fl1.tiff
BR00106708,D15,4,5,BR00106708,cmQTL_plate4_8.9.2019,D15,10000,178,r04c15f05p01-ch5sk1fk1fl1.tiff,r04c15f05p01-ch4sk1fk1fl1.tiff,r04c15f05p01-ch3sk1fk1fl1.tiff,r04c15f05p01-ch2sk1fk1fl1.tiff,r04c15f05p01-ch1sk1fk1fl1.tiff
BR00106708,D17,4,5,BR00106708,cmQTL_plate4_8.9.2019,D17,10000,183,r04c17f05p01-ch5sk1fk1fl1.tiff,r04c17f05p01-ch4sk1fk1fl1.tiff,r04c17f05p01-ch3sk1fk1fl1.tiff,r04c17f05p01-ch2sk1fk1fl1.tiff,r04c17f05p01-ch1sk1fk1fl1.tiff
BR00106708,D22,4,5,BR00106708,cmQTL_plate4_8.9.2019,D22,10000,146,r04c22f05p01-ch5sk1fk1fl1.tiff,r04c22f05p01-ch4sk1fk1fl1.tiff,r04c22f05p01-ch3sk1fk1fl1.tiff,r04c22f05p01-ch2sk1fk1fl1.tiff,r04c22f05p01-ch1sk1fk1fl1.tiff
BR00106708,E17,5,5,BR00106708,cmQTL_plate4_8.9.2019,E17,10000,163,r05c17f05p01-ch5sk1fk1fl1.tiff,r05c17f05p01-ch4sk1fk1fl1.tiff,r05c17f05p01-ch3sk1fk1fl1.tiff,r05c17f05p01-ch2sk1fk1fl1.tiff,r05c17f05p01-ch1sk1fk1fl1.tiff
BR00106708,F02,6,5,BR00106708,cmQTL_plate4_8.9.2019,F02,10000,167,r06c02f05p01-ch5sk1fk1fl1.tiff,r06c02f05p01-ch4sk1fk1fl1.tiff,r06c02f05p01-ch3sk1fk1fl1.tiff,r06c02f05p01-ch2sk1fk1fl1.tiff,r06c02f05p01-ch1sk1fk1fl1.tiff
BR00106708,F04,6,5,BR00106708,cmQTL_plate4_8.9.2019,F04,10000,181,r06c04f05p01-ch5sk1fk1fl1.tiff,r06c04f05p01-ch4sk1fk1fl1.tiff,r06c04f05p01-ch3sk1fk1fl1.tiff,r06c04f05p01-ch2sk1fk1fl1.tiff,r06c04f05p01-ch1sk1fk1fl1.tiff
BR00106708,F12,6,5,BR00106708,cmQTL_plate4_8.9.2019,F12,10000,173,r06c12f05p01-ch5sk1fk1fl1.tiff,r06c12f05p01-ch4sk1fk1fl1.tiff,r06c12f05p01-ch3sk1fk1fl1.tiff,r06c12f05p01-ch2sk1fk1fl1.tiff,r06c12f05p01-ch1sk1fk1fl1.tiff
BR00106708,G10,7,5,BR00106708,cmQTL_plate4_8.9.2019,G10,10000,164,r07c10f05p01-ch5sk1fk1fl1.tiff,r07c10f05p01-ch4sk1fk1fl1.tiff,r07c10f05p01-ch3sk1fk1fl1.tiff,r07c10f05p01-ch2sk1fk1fl1.tiff,r07c10f05p01-ch1sk1fk1fl1.tiff
BR00106708,G15,7,5,BR00106708,cmQTL_plate4_8.9.2019,G15,10000,168,r07c15f05p01-ch5sk1fk1fl1.tiff,r07c15f05p01-ch4sk1fk1fl1.tiff,r07c15f05p01-ch3sk1fk1fl1.tiff,r07c15f05p01-ch2sk1fk1fl1.tiff,r07c15f05p01-ch1sk1fk1fl1.tiff
BR00106708,G23,7,5,BR00106708,cmQTL_plate4_8.9.2019,G23,10000,151,r07c23f05p01-ch5sk1fk1fl1.tiff,r07c23f05p01-ch4sk1fk1fl1.tiff,r07c23f05p01-ch3sk1fk1fl1.tiff,r07c23f05p01-ch2sk1fk1fl1.tiff,r07c23f05p01-ch1sk1fk1fl1.tiff
BR00106708,H02,8,5,BR00106708,cmQTL_plate4_8.9.2019,H02,10000,145,r08c02f05p01-ch5sk1fk1fl1.tiff,r08c02f05p01-ch4sk1fk1fl1.tiff,r08c02f05p01-ch3sk1fk1fl1.tiff,r08c02f05p01-ch2sk1fk1fl1.tiff,r08c02f05p01-ch1sk1fk1fl1.tiff
BR00106708,H04,8,5,BR00106708,cmQTL_plate4_8.9.2019,H04,10000,175,r08c04f05p01-ch5sk1fk1fl1.tiff,r08c04f05p01-ch4sk1fk1fl1.tiff,r08c04f05p01-ch3sk1fk1fl1.tiff,r08c04f05p01-ch2sk1fk1fl1.tiff,r08c04f05p01-ch1sk1fk1fl1.tiff
BR00106708,H07,8,5,BR00106708,cmQTL_plate4_8.9.2019,H07,10000,159,r08c07f05p01-ch5sk1fk1fl1.tiff,r08c07f05p01-ch4sk1fk1fl1.tiff,r08c07f05p01-ch3sk1fk1fl1.tiff,r08c07f05p01-ch2sk1fk1fl1.tiff,r08c07f05p01-ch1sk1fk1fl1.tiff
BR00106708,H14,8,5,BR00106708,cmQTL_plate4_8.9.2019,H14,10000,161,r08c14f05p01-ch5sk1fk1fl1.tiff,r08c14f05p01-ch4sk1fk1fl1.tiff,r08c14f05p01-ch3sk1fk1fl1.tiff,r08c14f05p01-ch2sk1fk1fl1.tiff,r08c14f05p01-ch1sk1fk1fl1.tiff
BR00106708,H20,8,5,BR00106708,cmQTL_plate4_8.9.2019,H20,10000,150,r08c20f05p01-ch5sk1fk1fl1.tiff,r08c20f05p01-ch4sk1fk1fl1.tiff,r08c20f05p01-ch3sk1fk1fl1.tiff,r08c20f05p01-ch2sk1fk1fl1.tiff,r08c20f05p01-ch1sk1fk1fl1.tiff
BR00106708,H21,8,5,BR00106708,cmQTL_plate4_8.9.2019,H21,10000,185,r08c21f05p01-ch5sk1fk1fl1.tiff,r08c21f05p01-ch4sk1fk1fl1.tiff,r08c21f05p01-ch3sk1fk1fl1.tiff,r08c21f05p01-ch2sk1fk1fl1.tiff,r08c21f05p01-ch1sk1fk1fl1.tiff
BR00106708,I08,9,5,BR00106708,cmQTL_plate4_8.9.2019,I08,10000,95,r09c08f05p01-ch5sk1fk1fl1.tiff,r09c08f05p01-ch4sk1fk1fl1.tiff,r09c08f05p01-ch3sk1fk1fl1.tiff,r09c08f05p01-ch2sk1fk1fl1.tiff,r09c08f05p01-ch1sk1fk1fl1.tiff
BR00106708,J06,10,5,BR00106708,cmQTL_plate4_8.9.2019,J06,10000,184,r10c06f05p01-ch5sk1fk1fl1.tiff,r10c06f05p01-ch4sk1fk1fl1.tiff,r10c06f05p01-ch3sk1fk1fl1.tiff,r10c06f05p01-ch2sk1fk1fl1.tiff,r10c06f05p01-ch1sk1fk1fl1.tiff
BR00106708,J10,10,5,BR00106708,cmQTL_plate4_8.9.2019,J10,10000,160,r10c10f05p01-ch5sk1fk1fl1.tiff,r10c10f05p01-ch4sk1fk1fl1.tiff,r10c10f05p01-ch3sk1fk1fl1.tiff,r10c10f05p01-ch2sk1fk1fl1.tiff,r10c10f05p01-ch1sk1fk1fl1.tiff
BR00106708,J17,10,5,BR00106708,cmQTL_plate4_8.9.2019,J17,10000,180,r10c17f05p01-ch5sk1fk1fl1.tiff,r10c17f05p01-ch4sk1fk1fl1.tiff,r10c17f05p01-ch3sk1fk1fl1.tiff,r10c17f05p01-ch2sk1fk1fl1.tiff,r10c17f05p01-ch1sk1fk1fl1.tiff
BR00106708,K10,11,5,BR00106708,cmQTL_plate4_8.9.2019,K10,10000,166,r11c10f05p01-ch5sk1fk1fl1.tiff,r11c10f05p01-ch4sk1fk1fl1.tiff,r11c10f05p01-ch3sk1fk1fl1.tiff,r11c10f05p01-ch2sk1fk1fl1.tiff,r11c10f05p01-ch1sk1fk1fl1.tiff
BR00106708,K24,11,5,BR00106708,cmQTL_plate4_8.9.2019,K24,10000,172,r11c24f05p01-ch5sk1fk1fl1.tiff,r11c24f05p01-ch4sk1fk1fl1.tiff,r11c24f05p01-ch3sk1fk1fl1.tiff,r11c24f05p01-ch2sk1fk1fl1.tiff,r11c24f05p01-ch1sk1fk1fl1.tiff
BR00106708,L15,12,5,BR00106708,cmQTL_plate4_8.9.2019,L15,10000,96,r12c15f05p01-ch5sk1fk1fl1.tiff,r12c15f05p01-ch4sk1fk1fl1.tiff,r12c15f05p01-ch3sk1fk1fl1.tiff,r12c15f05p01-ch2sk1fk1fl1.tiff,r12c15f05p01-ch1sk1fk1fl1.tiff
BR00106708,L22,12,5,BR00106708,cmQTL_plate4_8.9.2019,L22,10000,186,r12c22f05p01-ch5sk1fk1fl1.tiff,r12c22f05p01-ch4sk1fk1fl1.tiff,r12c22f05p01-ch3sk1fk1fl1.tiff,r12c22f05p01-ch2sk1fk1fl1.tiff,r12c22f05p01-ch1sk1fk1fl1.tiff
BR00106708,M02,13,5,BR00106708,cmQTL_plate4_8.9.2019,M02,10000,154,r13c02f05p01-ch5sk1fk1fl1.tiff,r13c02f05p01-ch4sk1fk1fl1.tiff,r13c02f05p01-ch3sk1fk1fl1.tiff,r13c02f05p01-ch2sk1fk1fl1.tiff,r13c02f05p01-ch1sk1fk1fl1.tiff
BR00106708,M03,13,5,BR00106708,cmQTL_plate4_8.9.2019,M03,10000,176,r13c03f05p01-ch5sk1fk1fl1.tiff,r13c03f05p01-ch4sk1fk1fl1.tiff,r13c03f05p01-ch3sk1fk1fl1.tiff,r13c03f05p01-ch2sk1fk1fl1.tiff,r13c03f05p01-ch1sk1fk1fl1.tiff
BR00106708,M19,13,5,BR00106708,cmQTL_plate4_8.9.2019,M19,10000,155,r13c19f05p01-ch5sk1fk1fl1.tiff,r13c19f05p01-ch4sk1fk1fl1.tiff,r13c19f05p01-ch3sk1fk1fl1.tiff,r13c19f05p01-ch2sk1fk1fl1.tiff,r13c19f05p01-ch1sk1fk1fl1.tiff
BR00106708,N12,14,5,BR00106708,cmQTL_plate4_8.9.2019,N12,10000,144,r14c12f05p01-ch5sk1fk1fl1.tiff,r14c12f05p01-ch4sk1fk1fl1.tiff,r14c12f05p01-ch3sk1fk1fl1.tiff,r14c12f05p01-ch2sk1fk1fl1.tiff,r14c12f05p01-ch1sk1fk1fl1.tiff
BR00106708,N14,14,5,BR00106708,cmQTL_plate4_8.9.2019,N14,10000,165,r14c14f05p01-ch5sk1fk1fl1.tiff,r14c14f05p01-ch4sk1fk1fl1.tiff,r14c14f05p01-ch3sk1fk1fl1.tiff,r14c14f05p01-ch2sk1fk1fl1.tiff,r14c14f05p01-ch1sk1fk1fl1.tiff
BR00106708,O05,15,5,BR00106708,cmQTL_plate4_8.9.2019,O05,10000,148,r15c05f05p01-ch5sk1fk1fl1.tiff,r15c05f05p01-ch4sk1fk1fl1.tiff,r15c05f05p01-ch3sk1fk1fl1.tiff,r15c05f05p01-ch2sk1fk1fl1.tiff,r15c05f05p01-ch1sk1fk1fl1.tiff
BR00106708,P07,16,5,BR00106708,cmQTL_plate4_8.9.2019,P07,10000,171,r16c07f05p01-ch5sk1fk1fl1.tiff,r16c07f05p01-ch4sk1fk1fl1.tiff,r16c07f05p01-ch3sk1fk1fl1.tiff,r16c07f05p01-ch2sk1fk1fl1.tiff,r16c07f05p01-ch1sk1fk1fl1.tiff
BR00106708,P10,16,5,BR00106708,cmQTL_plate4_8.9.2019,P10,10000,158,r16c10f05p01-ch5sk1fk1fl1.tiff,r16c10f05p01-ch4sk1fk1fl1.tiff,r16c10f05p01-ch3sk1fk1fl1.tiff,r16c10f05p01-ch2sk1fk1fl1.tiff,r16c10f05p01-ch1sk1fk1fl1.tiff
BR00106708,P14,16,5,BR00106708,cmQTL_plate4_8.9.2019,P14,10000,143,r16c14f05p01-ch5sk1fk1fl1.tiff,r16c14f05p01-ch4sk1fk1fl1.tiff,r16c14f05p01-ch3sk1fk1fl1.tiff,r16c14f05p01-ch2sk1fk1fl1.tiff,r16c14f05p01-ch1sk1fk1fl1.tiff
BR00106708,P19,16,5,BR00106708,cmQTL_plate4_8.9.2019,P19,10000,153,r16c19f05p01-ch5sk1fk1fl1.tiff,r16c19f05p01-ch4sk1fk1fl1.tiff,r16c19f05p01-ch3sk1fk1fl1.tiff,r16c19f05p01-ch2sk1fk1fl1.tiff,r16c19f05p01-ch1sk1fk1fl1.tiff
BR00106708,P24,16,5,BR00106708,cmQTL_plate4_8.9.2019,P24,10000,162,r16c24f05p01-ch5sk1fk1fl1.tiff,r16c24f05p01-ch4sk1fk1fl1.tiff,r16c24f05p01-ch3sk1fk1fl1.tiff,r16c24f05p01-ch2sk1fk1fl1.tiff,r16c24f05p01-ch1sk1fk1fl1.tiff
BR00106709,A04,1,5,BR00106709,cmQTL_plate3_8.5.2019,A04,10000,124,r01c04f05p01-ch5sk1fk1fl1.tiff,r01c04f05p01-ch4sk1fk1fl1.tiff,r01c04f05p01-ch3sk1fk1fl1.tiff,r01c04f05p01-ch2sk1fk1fl1.tiff,r01c04f05p01-ch1sk1fk1fl1.tiff
BR00106709,A05,1,5,BR00106709,cmQTL_plate3_8.5.2019,A05,10000,103,r01c05f05p01-ch5sk1fk1fl1.tiff,r01c05f05p01-ch4sk1fk1fl1.tiff,r01c05f05p01-ch3sk1fk1fl1.tiff,r01c05f05p01-ch2sk1fk1fl1.tiff,r01c05f05p01-ch1sk1fk1fl1.tiff
BR00106709,A22,1,5,BR00106709,cmQTL_plate3_8.5.2019,A22,10000,114,r01c22f05p01-ch5sk1fk1fl1.tiff,r01c22f05p01-ch4sk1fk1fl1.tiff,r01c22f05p01-ch3sk1fk1fl1.tiff,r01c22f05p01-ch2sk1fk1fl1.tiff,r01c22f05p01-ch1sk1fk1fl1.tiff
BR00106709,B07,2,5,BR00106709,cmQTL_plate3_8.5.2019,B07,10000,120,r02c07f05p01-ch5sk1fk1fl1.tiff,r02c07f05p01-ch4sk1fk1fl1.tiff,r02c07f05p01-ch3sk1fk1fl1.tiff,r02c07f05p01-ch2sk1fk1fl1.tiff,r02c07f05p01-ch1sk1fk1fl1.tiff
BR00106709,B13,2,5,BR00106709,cmQTL_plate3_8.5.2019,B13,10000,109,r02c13f05p01-ch5sk1fk1fl1.tiff,r02c13f05p01-ch4sk1fk1fl1.tiff,r02c13f05p01-ch3sk1fk1fl1.tiff,r02c13f05p01-ch2sk1fk1fl1.tiff,r02c13f05p01-ch1sk1fk1fl1.tiff
BR00106709,C08,3,5,BR00106709,cmQTL_plate3_8.5.2019,C08,10000,136,r03c08f05p01-ch5sk1fk1fl1.tiff,r03c08f05p01-ch4sk1fk1fl1.tiff,r03c08f05p01-ch3sk1fk1fl1.tiff,r03c08f05p01-ch2sk1fk1fl1.tiff,r03c08f05p01-ch1sk1fk1fl1.tiff
BR00106709,C12,3,5,BR00106709,cmQTL_plate3_8.5.2019,C12,10000,123,r03c12f05p01-ch5sk1fk1fl1.tiff,r03c12f05p01-ch4sk1fk1fl1.tiff,r03c12f05p01-ch3sk1fk1fl1.tiff,r03c12f05p01-ch2sk1fk1fl1.tiff,r03c12f05p01-ch1sk1fk1fl1.tiff
BR00106709,D03,4,5,BR00106709,cmQTL_plate3_8.5.2019,D03,10000,133,r04c03f05p01-ch5sk1fk1fl1.tiff,r04c03f05p01-ch4sk1fk1fl1.tiff,r04c03f05p01-ch3sk1fk1fl1.tiff,r04c03f05p01-ch2sk1fk1fl1.tiff,r04c03f05p01-ch1sk1fk1fl1.tiff
BR00106709,D09,4,5,BR00106709,cmQTL_plate3_8.5.2019,D09,10000,101,r04c09f05p01-ch5sk1fk1fl1.tiff,r04c09f05p01-ch4sk1fk1fl1.tiff,r04c09f05p01-ch3sk1fk1fl1.tiff,r04c09f05p01-ch2sk1fk1fl1.tiff,r04c09f05p01-ch1sk1fk1fl1.tiff
BR00106709,E02,5,5,BR00106709,cmQTL_plate3_8.5.2019,E02,10000,121,r05c02f05p01-ch5sk1fk1fl1.tiff,r05c02f05p01-ch4sk1fk1fl1.tiff,r05c02f05p01-ch3sk1fk1fl1.tiff,r05c02f05p01-ch2sk1fk1fl1.tiff,r05c02f05p01-ch1sk1fk1fl1.tiff
BR00106709,E05,5,5,BR00106709,cmQTL_plate3_8.5.2019,E05,10000,126,r05c05f05p01-ch5sk1fk1fl1.tiff,r05c05f05p01-ch4sk1fk1fl1.tiff,r05c05f05p01-ch3sk1fk1fl1.tiff,r05c05f05p01-ch2sk1fk1fl1.tiff,r05c05f05p01-ch1sk1fk1fl1.tiff
BR00106709,E08,5,5,BR00106709,cmQTL_plate3_8.5.2019,E08,10000,140,r05c08f05p01-ch5sk1fk1fl1.tiff,r05c08f05p01-ch4sk1fk1fl1.tiff,r05c08f05p01-ch3sk1fk1fl1.tiff,r05c08f05p01-ch2sk1fk1fl1.tiff,r05c08f05p01-ch1sk1fk1fl1.tiff
BR00106709,E12,5,5,BR00106709,cmQTL_plate3_8.5.2019,E12,10000,127,r05c12f05p01-ch5sk1fk1fl1.tiff,r05c12f05p01-ch4sk1fk1fl1.tiff,r05c12f05p01-ch3sk1fk1fl1.tiff,r05c12f05p01-ch2sk1fk1fl1.tiff,r05c12f05p01-ch1sk1fk1fl1.tiff
BR00106709,E22,5,5,BR00106709,cmQTL_plate3_8.5.2019,E22,10000,97,r05c22f05p01-ch5sk1fk1fl1.tiff,r05c22f05p01-ch4sk1fk1fl1.tiff,r05c22f05p01-ch3sk1fk1fl1.tiff,r05c22f05p01-ch2sk1fk1fl1.tiff,r05c22f05p01-ch1sk1fk1fl1.tiff
BR00106709,F13,6,5,BR00106709,cmQTL_plate3_8.5.2019,F13,10000,108,r06c13f05p01-ch5sk1fk1fl1.tiff,r06c13f05p01-ch4sk1fk1fl1.tiff,r06c13f05p01-ch3sk1fk1fl1.tiff,r06c13f05p01-ch2sk1fk1fl1.tiff,r06c13f05p01-ch1sk1fk1fl1.tiff
BR00106709,G09,7,5,BR00106709,cmQTL_plate3_8.5.2019,G09,10000,118,r07c09f05p01-ch5sk1fk1fl1.tiff,r07c09f05p01-ch4sk1fk1fl1.tiff,r07c09f05p01-ch3sk1fk1fl1.tiff,r07c09f05p01-ch2sk1fk1fl1.tiff,r07c09f05p01-ch1sk1fk1fl1.tiff
BR00106709,G15,7,5,BR00106709,cmQTL_plate3_8.5.2019,G15,10000,122,r07c15f05p01-ch5sk1fk1fl1.tiff,r07c15f05p01-ch4sk1fk1fl1.tiff,r07c15f05p01-ch3sk1fk1fl1.tiff,r07c15f05p01-ch2sk1fk1fl1.tiff,r07c15f05p01-ch1sk1fk1fl1.tiff
BR00106709,G21,7,5,BR00106709,cmQTL_plate3_8.5.2019,G21,10000,139,r07c21f05p01-ch5sk1fk1fl1.tiff,r07c21f05p01-ch4sk1fk1fl1.tiff,r07c21f05p01-ch3sk1fk1fl1.tiff,r07c21f05p01-ch2sk1fk1fl1.tiff,r07c21f05p01-ch1sk1fk1fl1.tiff
BR00106709,G23,7,5,BR00106709,cmQTL_plate3_8.5.2019,G23,10000,0,r07c23f05p01-ch5sk1fk1fl1.tiff,r07c23f05p01-ch4sk1fk1fl1.tiff,r07c23f05p01-ch3sk1fk1fl1.tiff,r07c23f05p01-ch2sk1fk1fl1.tiff,r07c23f05p01-ch1sk1fk1fl1.tiff
BR00106709,H11,8,5,BR00106709,cmQTL_plate3_8.5.2019,H11,10000,111,r08c11f05p01-ch5sk1fk1fl1.tiff,r08c11f05p01-ch4sk1fk1fl1.tiff,r08c11f05p01-ch3sk1fk1fl1.tiff,r08c11f05p01-ch2sk1fk1fl1.tiff,r08c11f05p01-ch1sk1fk1fl1.tiff
BR00106709,H17,8,5,BR00106709,cmQTL_plate3_8.5.2019,H17,10000,125,r08c17f05p01-ch5sk1fk1fl1.tiff,r08c17f05p01-ch4sk1fk1fl1.tiff,r08c17f05p01-ch3sk1fk1fl1.tiff,r08c17f05p01-ch2sk1fk1fl1.tiff,r08c17f05p01-ch1sk1fk1fl1.tiff
BR00106709,I08,9,5,BR00106709,cmQTL_plate3_8.5.2019,I08,10000,49,r09c08f05p01-ch5sk1fk1fl1.tiff,r09c08f05p01-ch4sk1fk1fl1.tiff,r09c08f05p01-ch3sk1fk1fl1.tiff,r09c08f05p01-ch2sk1fk1fl1.tiff,r09c08f05p01-ch1sk1fk1fl1.tiff
BR00106709,J03,10,5,BR00106709,cmQTL_plate3_8.5.2019,J03,10000,132,r10c03f05p01-ch5sk1fk1fl1.tiff,r10c03f05p01-ch4sk1fk1fl1.tiff,r10c03f05p01-ch3sk1fk1fl1.tiff,r10c03f05p01-ch2sk1fk1fl1.tiff,r10c03f05p01-ch1sk1fk1fl1.tiff
BR00106709,J11,10,5,BR00106709,cmQTL_plate3_8.5.2019,J11,10000,106,r10c11f05p01-ch5sk1fk1fl1.tiff,r10c11f05p01-ch4sk1fk1fl1.tiff,r10c11f05p01-ch3sk1fk1fl1.tiff,r10c11f05p01-ch2sk1fk1fl1.tiff,r10c11f05p01-ch1sk1fk1fl1.tiff
BR00106709,J15,10,5,BR00106709,cmQTL_plate3_8.5.2019,J15,10000,99,r10c15f05p01-ch5sk1fk1fl1.tiff,r10c15f05p01-ch4sk1fk1fl1.tiff,r10c15f05p01-ch3sk1fk1fl1.tiff,r10c15f05p01-ch2sk1fk1fl1.tiff,r10c15f05p01-ch1sk1fk1fl1.tiff
BR00106709,J24,10,5,BR00106709,cmQTL_plate3_8.5.2019,J24,10000,113,r10c24f05p01-ch5sk1fk1fl1.tiff,r10c24f05p01-ch4sk1fk1fl1.tiff,r10c24f05p01-ch3sk1fk1fl1.tiff,r10c24f05p01-ch2sk1fk1fl1.tiff,r10c24f05p01-ch1sk1fk1fl1.tiff
BR00106709,K04,11,5,BR00106709,cmQTL_plate3_8.5.2019,K04,10000,134,r11c04f05p01-ch5sk1fk1fl1.tiff,r11c04f05p01-ch4sk1fk1fl1.tiff,r11c04f05p01-ch3sk1fk1fl1.tiff,r11c04f05p01-ch2sk1fk1fl1.tiff,r11c04f05p01-ch1sk1fk1fl1.tiff
BR00106709,K06,11,5,BR00106709,cmQTL_plate3_8.5.2019,K06,10000,135,r11c06f05p01-ch5sk1fk1fl1.tiff,r11c06f05p01-ch4sk1fk1fl1.tiff,r11c06f05p01-ch3sk1fk1fl1.tiff,r11c06f05p01-ch2sk1fk1fl1.tiff,r11c06f05p01-ch1sk1fk1fl1.tiff
BR00106709,K19,11,5,BR00106709,cmQTL_plate3_8.5.2019,K19,10000,102,r11c19f05p01-ch5sk1fk1fl1.tiff,r11c19f05p01-ch4sk1fk1fl1.tiff,r11c19f05p01-ch3sk1fk1fl1.tiff,r11c19f05p01-ch2sk1fk1fl1.tiff,r11c19f05p01-ch1sk1fk1fl1.tiff
BR00106709,L01,12,5,BR00106709,cmQTL_plate3_8.5.2019,L01,10000,100,r12c01f05p01-ch5sk1fk1fl1.tiff,r12c01f05p01-ch4sk1fk1fl1.tiff,r12c01f05p01-ch3sk1fk1fl1.tiff,r12c01f05p01-ch2sk1fk1fl1.tiff,r12c01f05p01-ch1sk1fk1fl1.tiff
BR00106709,M03,13,5,BR00106709,cmQTL_plate3_8.5.2019,M03,10000,130,r13c03f05p01-ch5sk1fk1fl1.tiff,r13c03f05p01-ch4sk1fk1fl1.tiff,r13c03f05p01-ch3sk1fk1fl1.tiff,r13c03f05p01-ch2sk1fk1fl1.tiff,r13c03f05p01-ch1sk1fk1fl1.tiff
BR00106709,M16,13,5,BR00106709,cmQTL_plate3_8.5.2019,M16,10000,128,r13c16f05p01-ch5sk1fk1fl1.tiff,r13c16f05p01-ch4sk1fk1fl1.tiff,r13c16f05p01-ch3sk1fk1fl1.tiff,r13c16f05p01-ch2sk1fk1fl1.tiff,r13c16f05p01-ch1sk1fk1fl1.tiff
BR00106709,N06,14,5,BR00106709,cmQTL_plate3_8.5.2019,N06,10000,137,r14c06f05p01-ch5sk1fk1fl1.tiff,r14c06f05p01-ch4sk1fk1fl1.tiff,r14c06f05p01-ch3sk1fk1fl1.tiff,r14c06f05p01-ch2sk1fk1fl1.tiff,r14c06f05p01-ch1sk1fk1fl1.tiff
BR00106709,N11,14,5,BR00106709,cmQTL_plate3_8.5.2019,N11,10000,98,r14c11f05p01-ch5sk1fk1fl1.tiff,r14c11f05p01-ch4sk1fk1fl1.tiff,r14c11f05p01-ch3sk1fk1fl1.tiff,r14c11f05p01-ch2sk1fk1fl1.tiff,r14c11f05p01-ch1sk1fk1fl1.tiff
BR00106709,N18,14,5,BR00106709,cmQTL_plate3_8.5.2019,N18,10000,138,r14c18f05p01-ch5sk1fk1fl1.tiff,r14c18f05p01-ch4sk1fk1fl1.tiff,r14c18f05p01-ch3sk1fk1fl1.tiff,r14c18f05p01-ch2sk1fk1fl1.tiff,r14c18f05p01-ch1sk1fk1fl1.tiff
BR00106709,N21,14,5,BR00106709,cmQTL_plate3_8.5.2019,N21,10000,131,r14c21f05p01-ch5sk1fk1fl1.tiff,r14c21f05p01-ch4sk1fk1fl1.tiff,r14c21f05p01-ch3sk1fk1fl1.tiff,r14c21f05p01-ch2sk1fk1fl1.tiff,r14c21f05p01-ch1sk1fk1fl1.tiff
BR00106709,O01,15,5,BR00106709,cmQTL_plate3_8.5.2019,O01,10000,104,r15c01f05p01-ch5sk1fk1fl1.tiff,r15c01f05p01-ch4sk1fk1fl1.tiff,r15c01f05p01-ch3sk1fk1fl1.tiff,r15c01f05p01-ch2sk1fk1fl1.tiff,r15c01f05p01-ch1sk1fk1fl1.tiff
BR00106709,O04,15,5,BR00106709,cmQTL_plate3_8.5.2019,O04,10000,119,r15c04f05p01-ch5sk1fk1fl1.tiff,r15c04f05p01-ch4sk1fk1fl1.tiff,r15c04f05p01-ch3sk1fk1fl1.tiff,r15c04f05p01-ch2sk1fk1fl1.tiff,r15c04f05p01-ch1sk1fk1fl1.tiff
BR00106709,O11,15,5,BR00106709,cmQTL_plate3_8.5.2019,O11,10000,115,r15c11f05p01-ch5sk1fk1fl1.tiff,r15c11f05p01-ch4sk1fk1fl1.tiff,r15c11f05p01-ch3sk1fk1fl1.tiff,r15c11f05p01-ch2sk1fk1fl1.tiff,r15c11f05p01-ch1sk1fk1fl1.tiff
BR00106709,P19,16,5,BR00106709,cmQTL_plate3_8.5.2019,P19,10000,107,r16c19f05p01-ch5sk1fk1fl1.tiff,r16c19f05p01-ch4sk1fk1fl1.tiff,r16c19f05p01-ch3sk1fk1fl1.tiff,r16c19f05p01-ch2sk1fk1fl1.tiff,r16c19f05p01-ch1sk1fk1fl1.tiff
BR00106709,P22,16,5,BR00106709,cmQTL_plate3_8.5.2019,P22,10000,129,r16c22f05p01-ch5sk1fk1fl1.tiff,r16c22f05p01-ch4sk1fk1fl1.tiff,r16c22f05p01-ch3sk1fk1fl1.tiff,r16c22f05p01-ch2sk1fk1fl1.tiff,r16c22f05p01-ch1sk1fk1fl1.tiff
BR00106709,P24,16,5,BR00106709,cmQTL_plate3_8.5.2019,P24,10000,116,r16c24f05p01-ch5sk1fk1fl1.tiff,r16c24f05p01-ch4sk1fk1fl1.tiff,r16c24f05p01-ch3sk1fk1fl1.tiff,r16c24f05p01-ch2sk1fk1fl1.tiff,r16c24f05p01-ch1sk1fk1fl1.tiff
BR00107338,A01,1,5,BR00107338,cmQTL_plate6_8.27.2019,A01,10000,233,r01c01f05p01-ch5sk1fk1fl1.tiff,r01c01f05p01-ch4sk1fk1fl1.tiff,r01c01f05p01-ch3sk1fk1fl1.tiff,r01c01f05p01-ch2sk1fk1fl1.tiff,r01c01f05p01-ch1sk1fk1fl1.tiff
BR00107338,A16,1,5,BR00107338,cmQTL_plate6_8.27.2019,A16,10000,110,r01c16f05p01-ch5sk1fk1fl1.tiff,r01c16f05p01-ch4sk1fk1fl1.tiff,r01c16f05p01-ch3sk1fk1fl1.tiff,r01c16f05p01-ch2sk1fk1fl1.tiff,r01c16f05p01-ch1sk1fk1fl1.tiff
BR00107338,A17,1,5,BR00107338,cmQTL_plate6_8.27.2019,A17,10000,234,r01c17f05p01-ch5sk1fk1fl1.tiff,r01c17f05p01-ch4sk1fk1fl1.tiff,r01c17f05p01-ch3sk1fk1fl1.tiff,r01c17f05p01-ch2sk1fk1fl1.tiff,r01c17f05p01-ch1sk1fk1fl1.tiff
BR00107338,B03,2,5,BR00107338,cmQTL_plate6_8.27.2019,B03,10000,262,r02c03f05p01-ch5sk1fk1fl1.tiff,r02c03f05p01-ch4sk1fk1fl1.tiff,r02c03f05p01-ch3sk1fk1fl1.tiff,r02c03f05p01-ch2sk1fk1fl1.tiff,r02c03f05p01-ch1sk1fk1fl1.tiff
BR00107338,B11,2,5,BR00107338,cmQTL_plate6_8.27.2019,B11,10000,266,r02c11f05p01-ch5sk1fk1fl1.tiff,r02c11f05p01-ch4sk1fk1fl1.tiff,r02c11f05p01-ch3sk1fk1fl1.tiff,r02c11f05p01-ch2sk1fk1fl1.tiff,r02c11f05p01-ch1sk1fk1fl1.tiff
BR00107338,B13,2,5,BR00107338,cmQTL_plate6_8.27.2019,B13,10000,247,r02c13f05p01-ch5sk1fk1fl1.tiff,r02c13f05p01-ch4sk1fk1fl1.tiff,r02c13f05p01-ch3sk1fk1fl1.tiff,r02c13f05p01-ch2sk1fk1fl1.tiff,r02c13f05p01-ch1sk1fk1fl1.tiff
BR00107338,B19,2,5,BR00107338,cmQTL_plate6_8.27.2019,B19,10000,248,r02c19f05p01-ch5sk1fk1fl1.tiff,r02c19f05p01-ch4sk1fk1fl1.tiff,r02c19f05p01-ch3sk1fk1fl1.tiff,r02c19f05p01-ch2sk1fk1fl1.tiff,r02c19f05p01-ch1sk1fk1fl1.tiff
BR00107338,B22,2,5,BR00107338,cmQTL_plate6_8.27.2019,B22,10000,252,r02c22f05p01-ch5sk1fk1fl1.tiff,r02c22f05p01-ch4sk1fk1fl1.tiff,r02c22f05p01-ch3sk1fk1fl1.tiff,r02c22f05p01-ch2sk1fk1fl1.tiff,r02c22f05p01-ch1sk1fk1fl1.tiff
BR00107338,B23,2,5,BR00107338,cmQTL_plate6_8.27.2019,B23,10000,244,r02c23f05p01-ch5sk1fk1fl1.tiff,r02c23f05p01-ch4sk1fk1fl1.tiff,r02c23f05p01-ch3sk1fk1fl1.tiff,r02c23f05p01-ch2sk1fk1fl1.tiff,r02c23f05p01-ch1sk1fk1fl1.tiff
BR00107338,C01,3,5,BR00107338,cmQTL_plate6_8.27.2019,C01,10000,249,r03c01f05p01-ch5sk1fk1fl1.tiff,r03c01f05p01-ch4sk1fk1fl1.tiff,r03c01f05p01-ch3sk1fk1fl1.tiff,r03c01f05p01-ch2sk1fk1fl1.tiff,r03c01f05p01-ch1sk1fk1fl1.tiff
BR00107338,D16,4,5,BR00107338,cmQTL_plate6_8.27.2019,D16,10000,112,r04c16f05p01-ch5sk1fk1fl1.tiff,r04c16f05p01-ch4sk1fk1fl1.tiff,r04c16f05p01-ch3sk1fk1fl1.tiff,r04c16f05p01-ch2sk1fk1fl1.tiff,r04c16f05p01-ch1sk1fk1fl1.tiff
BR00107338,D23,4,5,BR00107338,cmQTL_plate6_8.27.2019,D23,10000,261,r04c23f05p01-ch5sk1fk1fl1.tiff,r04c23f05p01-ch4sk1fk1fl1.tiff,r04c23f05p01-ch3sk1fk1fl1.tiff,r04c23f05p01-ch2sk1fk1fl1.tiff,r04c23f05p01-ch1sk1fk1fl1.tiff
BR00107338,E02,5,5,BR00107338,cmQTL_plate6_8.27.2019,E02,10000,259,r05c02f05p01-ch5sk1fk1fl1.tiff,r05c02f05p01-ch4sk1fk1fl1.tiff,r05c02f05p01-ch3sk1fk1fl1.tiff,r05c02f05p01-ch2sk1fk1fl1.tiff,r05c02f05p01-ch1sk1fk1fl1.tiff
BR00107338,E22,5,5,BR00107338,cmQTL_plate6_8.27.2019,E22,10000,235,r05c22f05p01-ch5sk1fk1fl1.tiff,r05c22f05p01-ch4sk1fk1fl1.tiff,r05c22f05p01-ch3sk1fk1fl1.tiff,r05c22f05p01-ch2sk1fk1fl1.tiff,r05c22f05p01-ch1sk1fk1fl1.tiff
BR00107338,F16,6,5,BR00107338,cmQTL_plate6_8.27.2019,F16,10000,241,r06c16f05p01-ch5sk1fk1fl1.tiff,r06c16f05p01-ch4sk1fk1fl1.tiff,r06c16f05p01-ch3sk1fk1fl1.tiff,r06c16f05p01-ch2sk1fk1fl1.tiff,r06c16f05p01-ch1sk1fk1fl1.tiff
BR00107338,F23,6,5,BR00107338,cmQTL_plate6_8.27.2019,F23,10000,260,r06c23f05p01-ch5sk1fk1fl1.tiff,r06c23f05p01-ch4sk1fk1fl1.tiff,r06c23f05p01-ch3sk1fk1fl1.tiff,r06c23f05p01-ch2sk1fk1fl1.tiff,r06c23f05p01-ch1sk1fk1fl1.tiff
BR00107338,G06,7,5,BR00107338,cmQTL_plate6_8.27.2019,G06,10000,245,r07c06f05p01-ch5sk1fk1fl1.tiff,r07c06f05p01-ch4sk1fk1fl1.tiff,r07c06f05p01-ch3sk1fk1fl1.tiff,r07c06f05p01-ch2sk1fk1fl1.tiff,r07c06f05p01-ch1sk1fk1fl1.tiff
BR00107338,G24,7,5,BR00107338,cmQTL_plate6_8.27.2019,G24,10000,243,r07c24f05p01-ch5sk1fk1fl1.tiff,r07c24f05p01-ch4sk1fk1fl1.tiff,r07c24f05p01-ch3sk1fk1fl1.tiff,r07c24f05p01-ch2sk1fk1fl1.tiff,r07c24f05p01-ch1sk1fk1fl1.tiff
BR00107338,H03,8,5,BR00107338,cmQTL_plate6_8.27.2019,H03,10000,267,r08c03f05p01-ch5sk1fk1fl1.tiff,r08c03f05p01-ch4sk1fk1fl1.tiff,r08c03f05p01-ch3sk1fk1fl1.tiff,r08c03f05p01-ch2sk1fk1fl1.tiff,r08c03f05p01-ch1sk1fk1fl1.tiff
BR00107338,H20,8,5,BR00107338,cmQTL_plate6_8.27.2019,H20,10000,242,r08c20f05p01-ch5sk1fk1fl1.tiff,r08c20f05p01-ch4sk1fk1fl1.tiff,r08c20f05p01-ch3sk1fk1fl1.tiff,r08c20f05p01-ch2sk1fk1fl1.tiff,r08c20f05p01-ch1sk1fk1fl1.tiff
BR00107338,I01,9,5,BR00107338,cmQTL_plate6_8.27.2019,I01,10000,256,r09c01f05p01-ch5sk1fk1fl1.tiff,r09c01f05p01-ch4sk1fk1fl1.tiff,r09c01f05p01-ch3sk1fk1fl1.tiff,r09c01f05p01-ch2sk1fk1fl1.tiff,r09c01f05p01-ch1sk1fk1fl1.tiff
BR00107338,I24,9,5,BR00107338,cmQTL_plate6_8.27.2019,I24,10000,251,r09c24f05p01-ch5sk1fk1fl1.tiff,r09c24f05p01-ch4sk1fk1fl1.tiff,r09c24f05p01-ch3sk1fk1fl1.tiff,r09c24f05p01-ch2sk1fk1fl1.tiff,r09c24f05p01-ch1sk1fk1fl1.tiff
BR00107338,J15,10,5,BR00107338,cmQTL_plate6_8.27.2019,J15,10000,237,r10c15f05p01-ch5sk1fk1fl1.tiff,r10c15f05p01-ch4sk1fk1fl1.tiff,r10c15f05p01-ch3sk1fk1fl1.tiff,r10c15f05p01-ch2sk1fk1fl1.tiff,r10c15f05p01-ch1sk1fk1fl1.tiff
BR00107338,K01,11,5,BR00107338,cmQTL_plate6_8.27.2019,K01,10000,238,r11c01f05p01-ch5sk1fk1fl1.tiff,r11c01f05p01-ch4sk1fk1fl1.tiff,r11c01f05p01-ch3sk1fk1fl1.tiff,r11c01f05p01-ch2sk1fk1fl1.tiff,r11c01f05p01-ch1sk1fk1fl1.tiff
BR00107338,K20,11,5,BR00107338,cmQTL_plate6_8.27.2019,K20,10000,240,r11c20f05p01-ch5sk1fk1fl1.tiff,r11c20f05p01-ch4sk1fk1fl1.tiff,r11c20f05p01-ch3sk1fk1fl1.tiff,r11c20f05p01-ch2sk1fk1fl1.tiff,r11c20f05p01-ch1sk1fk1fl1.tiff
BR00107338,L10,12,5,BR00107338,cmQTL_plate6_8.27.2019,L10,10000,258,r12c10f05p01-ch5sk1fk1fl1.tiff,r12c10f05p01-ch4sk1fk1fl1.tiff,r12c10f05p01-ch3sk1fk1fl1.tiff,r12c10f05p01-ch2sk1fk1fl1.tiff,r12c10f05p01-ch1sk1fk1fl1.tiff
BR00107338,L12,12,5,BR00107338,cmQTL_plate6_8.27.2019,L12,10000,188,r12c12f05p01-ch5sk1fk1fl1.tiff,r12c12f05p01-ch4sk1fk1fl1.tiff,r12c12f05p01-ch3sk1fk1fl1.tiff,r12c12f05p01-ch2sk1fk1fl1.tiff,r12c12f05p01-ch1sk1fk1fl1.tiff
BR00107338,L23,12,5,BR00107338,cmQTL_plate6_8.27.2019,L23,10000,264,r12c23f05p01-ch5sk1fk1fl1.tiff,r12c23f05p01-ch4sk1fk1fl1.tiff,r12c23f05p01-ch3sk1fk1fl1.tiff,r12c23f05p01-ch2sk1fk1fl1.tiff,r12c23f05p01-ch1sk1fk1fl1.tiff
BR00107338,M02,13,5,BR00107338,cmQTL_plate6_8.27.2019,M02,10000,246,r13c02f05p01-ch5sk1fk1fl1.tiff,r13c02f05p01-ch4sk1fk1fl1.tiff,r13c02f05p01-ch3sk1fk1fl1.tiff,r13c02f05p01-ch2sk1fk1fl1.tiff,r13c02f05p01-ch1sk1fk1fl1.tiff
BR00107338,M22,13,5,BR00107338,cmQTL_plate6_8.27.2019,M22,10000,105,r13c22f05p01-ch5sk1fk1fl1.tiff,r13c22f05p01-ch4sk1fk1fl1.tiff,r13c22f05p01-ch3sk1fk1fl1.tiff,r13c22f05p01-ch2sk1fk1fl1.tiff,r13c22f05p01-ch1sk1fk1fl1.tiff
BR00107338,M24,13,5,BR00107338,cmQTL_plate6_8.27.2019,M24,10000,239,r13c24f05p01-ch5sk1fk1fl1.tiff,r13c24f05p01-ch4sk1fk1fl1.tiff,r13c24f05p01-ch3sk1fk1fl1.tiff,r13c24f05p01-ch2sk1fk1fl1.tiff,r13c24f05p01-ch1sk1fk1fl1.tiff
BR00107338,N11,14,5,BR00107338,cmQTL_plate6_8.27.2019,N11,10000,236,r14c11f05p01-ch5sk1fk1fl1.tiff,r14c11f05p01-ch4sk1fk1fl1.tiff,r14c11f05p01-ch3sk1fk1fl1.tiff,r14c11f05p01-ch2sk1fk1fl1.tiff,r14c11f05p01-ch1sk1fk1fl1.tiff
BR00107338,O03,15,5,BR00107338,cmQTL_plate6_8.27.2019,O03,10000,257,r15c03f05p01-ch5sk1fk1fl1.tiff,r15c03f05p01-ch4sk1fk1fl1.tiff,r15c03f05p01-ch3sk1fk1fl1.tiff,r15c03f05p01-ch2sk1fk1fl1.tiff,r15c03f05p01-ch1sk1fk1fl1.tiff
BR00107338,O07,15,5,BR00107338,cmQTL_plate6_8.27.2019,O07,10000,263,r15c07f05p01-ch5sk1fk1fl1.tiff,r15c07f05p01-ch4sk1fk1fl1.tiff,r15c07f05p01-ch3sk1fk1fl1.tiff,r15c07f05p01-ch2sk1fk1fl1.tiff,r15c07f05p01-ch1sk1fk1fl1.tiff
BR00107338,O24,15,5,BR00107338,cmQTL_plate6_8.27.2019,O24,10000,254,r15c24f05p01-ch5sk1fk1fl1.tiff,r15c24f05p01-ch4sk1fk1fl1.tiff,r15c24f05p01-ch3sk1fk1fl1.tiff,r15c24f05p01-ch2sk1fk1fl1.tiff,r15c24f05p01-ch1sk1fk1fl1.tiff
BR00107338,P10,16,5,BR00107338,cmQTL_plate6_8.27.2019,P10,10000,250,r16c10f05p01-ch5sk1fk1fl1.tiff,r16c10f05p01-ch4sk1fk1fl1.tiff,r16c10f05p01-ch3sk1fk1fl1.tiff,r16c10f05p01-ch2sk1fk1fl1.tiff,r16c10f05p01-ch1sk1fk1fl1.tiff
BR00107338,P12,16,5,BR00107338,cmQTL_plate6_8.27.2019,P12,10000,253,r16c12f05p01-ch5sk1fk1fl1.tiff,r16c12f05p01-ch4sk1fk1fl1.tiff,r16c12f05p01-ch3sk1fk1fl1.tiff,r16c12f05p01-ch2sk1fk1fl1.tiff,r16c12f05p01-ch1sk1fk1fl1.tiff
BR00107338,P15,16,5,BR00107338,cmQTL_plate6_8.27.2019,P15,10000,255,r16c15f05p01-ch5sk1fk1fl1.tiff,r16c15f05p01-ch4sk1fk1fl1.tiff,r16c15f05p01-ch3sk1fk1fl1.tiff,r16c15f05p01-ch2sk1fk1fl1.tiff,r16c15f05p01-ch1sk1fk1fl1.tiff
BR00107338,P17,16,5,BR00107338,cmQTL_plate6_8.27.2019,P17,10000,265,r16c17f05p01-ch5sk1fk1fl1.tiff,r16c17f05p01-ch4sk1fk1fl1.tiff,r16c17f05p01-ch3sk1fk1fl1.tiff,r16c17f05p01-ch2sk1fk1fl1.tiff,r16c17f05p01-ch1sk1fk1fl1.tiff
BR00107339,A01,1,5,BR00107339,cmQTL_plate5_8.20.2019,A01,10000,187,r01c01f05p01-ch5sk1fk1fl1.tiff,r01c01f05p01-ch4sk1fk1fl1.tiff,r01c01f05p01-ch3sk1fk1fl1.tiff,r01c01f05p01-ch2sk1fk1fl1.tiff,r01c01f05p01-ch1sk1fk1fl1.tiff
BR00107339,A05,1,5,BR00107339,cmQTL_plate5_8.20.2019,A05,10000,195,r01c05f05p01-ch5sk1fk1fl1.tiff,r01c05f05p01-ch4sk1fk1fl1.tiff,r01c05f05p01-ch3sk1fk1fl1.tiff,r01c05f05p01-ch2sk1fk1fl1.tiff,r01c05f05p01-ch1sk1fk1fl1.tiff
BR00107339,C09,3,5,BR00107339,cmQTL_plate5_8.20.2019,C09,10000,193,r03c09f05p01-ch5sk1fk1fl1.tiff,r03c09f05p01-ch4sk1fk1fl1.tiff,r03c09f05p01-ch3sk1fk1fl1.tiff,r03c09f05p01-ch2sk1fk1fl1.tiff,r03c09f05p01-ch1sk1fk1fl1.tiff
BR00107339,C11,3,5,BR00107339,cmQTL_plate5_8.20.2019,C11,10000,215,r03c11f05p01-ch5sk1fk1fl1.tiff,r03c11f05p01-ch4sk1fk1fl1.tiff,r03c11f05p01-ch3sk1fk1fl1.tiff,r03c11f05p01-ch2sk1fk1fl1.tiff,r03c11f05p01-ch1sk1fk1fl1.tiff
BR00107339,C13,3,5,BR00107339,cmQTL_plate5_8.20.2019,C13,10000,197,r03c13f05p01-ch5sk1fk1fl1.tiff,r03c13f05p01-ch4sk1fk1fl1.tiff,r03c13f05p01-ch3sk1fk1fl1.tiff,r03c13f05p01-ch2sk1fk1fl1.tiff,r03c13f05p01-ch1sk1fk1fl1.tiff
BR00107339,C16,3,5,BR00107339,cmQTL_plate5_8.20.2019,C16,10000,224,r03c16f05p01-ch5sk1fk1fl1.tiff,r03c16f05p01-ch4sk1fk1fl1.tiff,r03c16f05p01-ch3sk1fk1fl1.tiff,r03c16f05p01-ch2sk1fk1fl1.tiff,r03c16f05p01-ch1sk1fk1fl1.tiff
BR00107339,C21,3,5,BR00107339,cmQTL_plate5_8.20.2019,C21,10000,192,r03c21f05p01-ch5sk1fk1fl1.tiff,r03c21f05p01-ch4sk1fk1fl1.tiff,r03c21f05p01-ch3sk1fk1fl1.tiff,r03c21f05p01-ch2sk1fk1fl1.tiff,r03c21f05p01-ch1sk1fk1fl1.tiff
BR00107339,E17,5,5,BR00107339,cmQTL_plate5_8.20.2019,E17,10000,209,r05c17f05p01-ch5sk1fk1fl1.tiff,r05c17f05p01-ch4sk1fk1fl1.tiff,r05c17f05p01-ch3sk1fk1fl1.tiff,r05c17f05p01-ch2sk1fk1fl1.tiff,r05c17f05p01-ch1sk1fk1fl1.tiff
BR00107339,E22,5,5,BR00107339,cmQTL_plate5_8.20.2019,E22,10000,189,r05c22f05p01-ch5sk1fk1fl1.tiff,r05c22f05p01-ch4sk1fk1fl1.tiff,r05c22f05p01-ch3sk1fk1fl1.tiff,r05c22f05p01-ch2sk1fk1fl1.tiff,r05c22f05p01-ch1sk1fk1fl1.tiff
BR00107339,F02,6,5,BR00107339,cmQTL_plate5_8.20.2019,F02,10000,213,r06c02f05p01-ch5sk1fk1fl1.tiff,r06c02f05p01-ch4sk1fk1fl1.tiff,r06c02f05p01-ch3sk1fk1fl1.tiff,r06c02f05p01-ch2sk1fk1fl1.tiff,r06c02f05p01-ch1sk1fk1fl1.tiff
BR00107339,F07,6,5,BR00107339,cmQTL_plate5_8.20.2019,F07,10000,232,r06c07f05p01-ch5sk1fk1fl1.tiff,r06c07f05p01-ch4sk1fk1fl1.tiff,r06c07f05p01-ch3sk1fk1fl1.tiff,r06c07f05p01-ch2sk1fk1fl1.tiff,r06c07f05p01-ch1sk1fk1fl1.tiff
BR00107339,F11,6,5,BR00107339,cmQTL_plate5_8.20.2019,F11,10000,219,r06c11f05p01-ch5sk1fk1fl1.tiff,r06c11f05p01-ch4sk1fk1fl1.tiff,r06c11f05p01-ch3sk1fk1fl1.tiff,r06c11f05p01-ch2sk1fk1fl1.tiff,r06c11f05p01-ch1sk1fk1fl1.tiff
BR00107339,F19,6,5,BR00107339,cmQTL_plate5_8.20.2019,F19,10000,208,r06c19f05p01-ch5sk1fk1fl1.tiff,r06c19f05p01-ch4sk1fk1fl1.tiff,r06c19f05p01-ch3sk1fk1fl1.tiff,r06c19f05p01-ch2sk1fk1fl1.tiff,r06c19f05p01-ch1sk1fk1fl1.tiff
BR00107339,G11,7,5,BR00107339,cmQTL_plate5_8.20.2019,G11,10000,203,r07c11f05p01-ch5sk1fk1fl1.tiff,r07c11f05p01-ch4sk1fk1fl1.tiff,r07c11f05p01-ch3sk1fk1fl1.tiff,r07c11f05p01-ch2sk1fk1fl1.tiff,r07c11f05p01-ch1sk1fk1fl1.tiff
BR00107339,G15,7,5,BR00107339,cmQTL_plate5_8.20.2019,G15,10000,214,r07c15f05p01-ch5sk1fk1fl1.tiff,r07c15f05p01-ch4sk1fk1fl1.tiff,r07c15f05p01-ch3sk1fk1fl1.tiff,r07c15f05p01-ch2sk1fk1fl1.tiff,r07c15f05p01-ch1sk1fk1fl1.tiff
BR00107339,H02,8,5,BR00107339,cmQTL_plate5_8.20.2019,H02,10000,191,r08c02f05p01-ch5sk1fk1fl1.tiff,r08c02f05p01-ch4sk1fk1fl1.tiff,r08c02f05p01-ch3sk1fk1fl1.tiff,r08c02f05p01-ch2sk1fk1fl1.tiff,r08c02f05p01-ch1sk1fk1fl1.tiff
BR00107339,H08,8,5,BR00107339,cmQTL_plate5_8.20.2019,H08,10000,205,r08c08f05p01-ch5sk1fk1fl1.tiff,r08c08f05p01-ch4sk1fk1fl1.tiff,r08c08f05p01-ch3sk1fk1fl1.tiff,r08c08f05p01-ch2sk1fk1fl1.tiff,r08c08f05p01-ch1sk1fk1fl1.tiff
BR00107339,H18,8,5,BR00107339,cmQTL_plate5_8.20.2019,H18,10000,217,r08c18f05p01-ch5sk1fk1fl1.tiff,r08c18f05p01-ch4sk1fk1fl1.tiff,r08c18f05p01-ch3sk1fk1fl1.tiff,r08c18f05p01-ch2sk1fk1fl1.tiff,r08c18f05p01-ch1sk1fk1fl1.tiff
BR00107339,I10,9,5,BR00107339,cmQTL_plate5_8.20.2019,I10,10000,206,r09c10f05p01-ch5sk1fk1fl1.tiff,r09c10f05p01-ch4sk1fk1fl1.tiff,r09c10f05p01-ch3sk1fk1fl1.tiff,r09c10f05p01-ch2sk1fk1fl1.tiff,r09c10f05p01-ch1sk1fk1fl1.tiff
BR00107339,I12,9,5,BR00107339,cmQTL_plate5_8.20.2019,I12,10000,198,r09c12f05p01-ch5sk1fk1fl1.tiff,r09c12f05p01-ch4sk1fk1fl1.tiff,r09c12f05p01-ch3sk1fk1fl1.tiff,r09c12f05p01-ch2sk1fk1fl1.tiff,r09c12f05p01-ch1sk1fk1fl1.tiff
BR00107339,I22,9,5,BR00107339,cmQTL_plate5_8.20.2019,I22,10000,228,r09c22f05p01-ch5sk1fk1fl1.tiff,r09c22f05p01-ch4sk1fk1fl1.tiff,r09c22f05p01-ch3sk1fk1fl1.tiff,r09c22f05p01-ch2sk1fk1fl1.tiff,r09c22f05p01-ch1sk1fk1fl1.tiff
BR00107339,J02,10,5,BR00107339,cmQTL_plate5_8.20.2019,J02,10000,210,r10c02f05p01-ch5sk1fk1fl1.tiff,r10c02f05p01-ch4sk1fk1fl1.tiff,r10c02f05p01-ch3sk1fk1fl1.tiff,r10c02f05p01-ch2sk1fk1fl1.tiff,r10c02f05p01-ch1sk1fk1fl1.tiff
BR00107339,J14,10,5,BR00107339,cmQTL_plate5_8.20.2019,J14,10000,141,r10c14f05p01-ch5sk1fk1fl1.tiff,r10c14f05p01-ch4sk1fk1fl1.tiff,r10c14f05p01-ch3sk1fk1fl1.tiff,r10c14f05p01-ch2sk1fk1fl1.tiff,r10c14f05p01-ch1sk1fk1fl1.tiff
BR00107339,K04,11,5,BR00107339,cmQTL_plate5_8.20.2019,K04,10000,226,r11c04f05p01-ch5sk1fk1fl1.tiff,r11c04f05p01-ch4sk1fk1fl1.tiff,r11c04f05p01-ch3sk1fk1fl1.tiff,r11c04f05p01-ch2sk1fk1fl1.tiff,r11c04f05p01-ch1sk1fk1fl1.tiff
BR00107339,K17,11,5,BR00107339,cmQTL_plate5_8.20.2019,K17,10000,216,r11c17f05p01-ch5sk1fk1fl1.tiff,r11c17f05p01-ch4sk1fk1fl1.tiff,r11c17f05p01-ch3sk1fk1fl1.tiff,r11c17f05p01-ch2sk1fk1fl1.tiff,r11c17f05p01-ch1sk1fk1fl1.tiff
BR00107339,L05,12,5,BR00107339,cmQTL_plate5_8.20.2019,L05,10000,227,r12c05f05p01-ch5sk1fk1fl1.tiff,r12c05f05p01-ch4sk1fk1fl1.tiff,r12c05f05p01-ch3sk1fk1fl1.tiff,r12c05f05p01-ch2sk1fk1fl1.tiff,r12c05f05p01-ch1sk1fk1fl1.tiff
BR00107339,L09,12,5,BR00107339,cmQTL_plate5_8.20.2019,L09,10000,212,r12c09f05p01-ch5sk1fk1fl1.tiff,r12c09f05p01-ch4sk1fk1fl1.tiff,r12c09f05p01-ch3sk1fk1fl1.tiff,r12c09f05p01-ch2sk1fk1fl1.tiff,r12c09f05p01-ch1sk1fk1fl1.tiff
BR00107339,L13,12,5,BR00107339,cmQTL_plate5_8.20.2019,L13,10000,225,r12c13f05p01-ch5sk1fk1fl1.tiff,r12c13f05p01-ch4sk1fk1fl1.tiff,r12c13f05p01-ch3sk1fk1fl1.tiff,r12c13f05p01-ch2sk1fk1fl1.tiff,r12c13f05p01-ch1sk1fk1fl1.tiff
BR00107339,L23,12,5,BR00107339,cmQTL_plate5_8.20.2019,L23,10000,218,r12c23f05p01-ch5sk1fk1fl1.tiff,r12c23f05p01-ch4sk1fk1fl1.tiff,r12c23f05p01-ch3sk1fk1fl1.tiff,r12c23f05p01-ch2sk1fk1fl1.tiff,r12c23f05p01-ch1sk1fk1fl1.tiff
BR00107339,M11,13,5,BR00107339,cmQTL_plate5_8.20.2019,M11,10000,190,r13c11f05p01-ch5sk1fk1fl1.tiff,r13c11f05p01-ch4sk1fk1fl1.tiff,r13c11f05p01-ch3sk1fk1fl1.tiff,r13c11f05p01-ch2sk1fk1fl1.tiff,r13c11f05p01-ch1sk1fk1fl1.tiff
BR00107339,M13,13,5,BR00107339,cmQTL_plate5_8.20.2019,M13,10000,211,r13c13f05p01-ch5sk1fk1fl1.tiff,r13c13f05p01-ch4sk1fk1fl1.tiff,r13c13f05p01-ch3sk1fk1fl1.tiff,r13c13f05p01-ch2sk1fk1fl1.tiff,r13c13f05p01-ch1sk1fk1fl1.tiff
BR00107339,M15,13,5,BR00107339,cmQTL_plate5_8.20.2019,M15,10000,220,r13c15f05p01-ch5sk1fk1fl1.tiff,r13c15f05p01-ch4sk1fk1fl1.tiff,r13c15f05p01-ch3sk1fk1fl1.tiff,r13c15f05p01-ch2sk1fk1fl1.tiff,r13c15f05p01-ch1sk1fk1fl1.tiff
BR00107339,M20,13,5,BR00107339,cmQTL_plate5_8.20.2019,M20,10000,201,r13c20f05p01-ch5sk1fk1fl1.tiff,r13c20f05p01-ch4sk1fk1fl1.tiff,r13c20f05p01-ch3sk1fk1fl1.tiff,r13c20f05p01-ch2sk1fk1fl1.tiff,r13c20f05p01-ch1sk1fk1fl1.tiff
BR00107339,M21,13,5,BR00107339,cmQTL_plate5_8.20.2019,M21,10000,223,r13c21f05p01-ch5sk1fk1fl1.tiff,r13c21f05p01-ch4sk1fk1fl1.tiff,r13c21f05p01-ch3sk1fk1fl1.tiff,r13c21f05p01-ch2sk1fk1fl1.tiff,r13c21f05p01-ch1sk1fk1fl1.tiff
BR00107339,N02,14,5,BR00107339,cmQTL_plate5_8.20.2019,N02,10000,200,r14c02f05p01-ch5sk1fk1fl1.tiff,r14c02f05p01-ch4sk1fk1fl1.tiff,r14c02f05p01-ch3sk1fk1fl1.tiff,r14c02f05p01-ch2sk1fk1fl1.tiff,r14c02f05p01-ch1sk1fk1fl1.tiff
BR00107339,N03,14,5,BR00107339,cmQTL_plate5_8.20.2019,N03,10000,222,r14c03f05p01-ch5sk1fk1fl1.tiff,r14c03f05p01-ch4sk1fk1fl1.tiff,r14c03f05p01-ch3sk1fk1fl1.tiff,r14c03f05p01-ch2sk1fk1fl1.tiff,r14c03f05p01-ch1sk1fk1fl1.tiff
BR00107339,N05,14,5,BR00107339,cmQTL_plate5_8.20.2019,N05,10000,229,r14c05f05p01-ch5sk1fk1fl1.tiff,r14c05f05p01-ch4sk1fk1fl1.tiff,r14c05f05p01-ch3sk1fk1fl1.tiff,r14c05f05p01-ch2sk1fk1fl1.tiff,r14c05f05p01-ch1sk1fk1fl1.tiff
BR00107339,N08,14,5,BR00107339,cmQTL_plate5_8.20.2019,N08,10000,202,r14c08f05p01-ch5sk1fk1fl1.tiff,r14c08f05p01-ch4sk1fk1fl1.tiff,r14c08f05p01-ch3sk1fk1fl1.tiff,r14c08f05p01-ch2sk1fk1fl1.tiff,r14c08f05p01-ch1sk1fk1fl1.tiff
BR00107339,N18,14,5,BR00107339,cmQTL_plate5_8.20.2019,N18,10000,230,r14c18f05p01-ch5sk1fk1fl1.tiff,r14c18f05p01-ch4sk1fk1fl1.tiff,r14c18f05p01-ch3sk1fk1fl1.tiff,r14c18f05p01-ch2sk1fk1fl1.tiff,r14c18f05p01-ch1sk1fk1fl1.tiff
BR00107339,O02,15,5,BR00107339,cmQTL_plate5_8.20.2019,O02,10000,196,r15c02f05p01-ch5sk1fk1fl1.tiff,r15c02f05p01-ch4sk1fk1fl1.tiff,r15c02f05p01-ch3sk1fk1fl1.tiff,r15c02f05p01-ch2sk1fk1fl1.tiff,r15c02f05p01-ch1sk1fk1fl1.tiff
BR00107339,O12,15,5,BR00107339,cmQTL_plate5_8.20.2019,O12,10000,207,r15c12f05p01-ch5sk1fk1fl1.tiff,r15c12f05p01-ch4sk1fk1fl1.tiff,r15c12f05p01-ch3sk1fk1fl1.tiff,r15c12f05p01-ch2sk1fk1fl1.tiff,r15c12f05p01-ch1sk1fk1fl1.tiff
BR00107339,O19,15,5,BR00107339,cmQTL_plate5_8.20.2019,O19,10000,199,r15c19f05p01-ch5sk1fk1fl1.tiff,r15c19f05p01-ch4sk1fk1fl1.tiff,r15c19f05p01-ch3sk1fk1fl1.tiff,r15c19f05p01-ch2sk1fk1fl1.tiff,r15c19f05p01-ch1sk1fk1fl1.tiff
BR00107339,P06,16,5,BR00107339,cmQTL_plate5_8.20.2019,P06,10000,194,r16c06f05p01-ch5sk1fk1fl1.tiff,r16c06f05p01-ch4sk1fk1fl1.tiff,r16c06f05p01-ch3sk1fk1fl1.tiff,r16c06f05p01-ch2sk1fk1fl1.tiff,r16c06f05p01-ch1sk1fk1fl1.tiff
BR00107339,P10,16,5,BR00107339,cmQTL_plate5_8.20.2019,P10,10000,204,r16c10f05p01-ch5sk1fk1fl1.tiff,r16c10f05p01-ch4sk1fk1fl1.tiff,r16c10f05p01-ch3sk1fk1fl1.tiff,r16c10f05p01-ch2sk1fk1fl1.tiff,r16c10f05p01-ch1sk1fk1fl1.tiff
BR00107339,P21,16,5,BR00107339,cmQTL_plate5_8.20.2019,P21,10000,221,r16c21f05p01-ch5sk1fk1fl1.tiff,r16c21f05p01-ch4sk1fk1fl1.tiff,r16c21f05p01-ch3sk1fk1fl1.tiff,r16c21f05p01-ch2sk1fk1fl1.tiff,r16c21f05p01-ch1sk1fk1fl1.tiff
cmQTLplate7-2-27-20,A03,1,5,cmQTLplate7-2-27-20,cmQTL_plate7_2.27.20,A03,10000,297,r01c03f05p01-ch5sk1fk1fl1.tiff,r01c03f05p01-ch4sk1fk1fl1.tiff,r01c03f05p01-ch3sk1fk1fl1.tiff,r01c03f05p01-ch2sk1fk1fl1.tiff,r01c03f05p01-ch1sk1fk1fl1.tiff
cmQTLplate7-2-27-20,A11,1,5,cmQTLplate7-2-27-20,cmQTL_plate7_2.27.20,A11,10000,301,r01c11f05p01-ch5sk1fk1fl1.tiff,r01c11f05p01-ch4sk1fk1fl1.tiff,r01c11f05p01-ch3sk1fk1fl1.tiff,r01c11f05p01-ch2sk1fk1fl1.tiff,r01c11f05p01-ch1sk1fk1fl1.tiff
cmQTLplate7-2-27-20,B01,2,5,cmQTLplate7-2-27-20,cmQTL_plate7_2.27.20,B01,10000,268,r02c01f05p01-ch5sk1fk1fl1.tiff,r02c01f05p01-ch4sk1fk1fl1.tiff,r02c01f05p01-ch3sk1fk1fl1.tiff,r02c01f05p01-ch2sk1fk1fl1.tiff,r02c01f05p01-ch1sk1fk1fl1.tiff
cmQTLplate7-2-27-20,B05,2,5,cmQTLplate7-2-27-20,cmQTL_plate7_2.27.20,B05,10000,276,r02c05f05p01-ch5sk1fk1fl1.tiff,r02c05f05p01-ch4sk1fk1fl1.tiff,r02c05f05p01-ch3sk1fk1fl1.tiff,r02c05f05p01-ch2sk1fk1fl1.tiff,r02c05f05p01-ch1sk1fk1fl1.tiff
cmQTLplate7-2-27-20,B20,2,5,cmQTLplate7-2-27-20,cmQTL_plate7_2.27.20,B20,10000,283,r02c20f05p01-ch5sk1fk1fl1.tiff,r02c20f05p01-ch4sk1fk1fl1.tiff,r02c20f05p01-ch3sk1fk1fl1.tiff,r02c20f05p01-ch2sk1fk1fl1.tiff,r02c20f05p01-ch1sk1fk1fl1.tiff
cmQTLplate7-2-27-20,C11,3,5,cmQTLplate7-2-27-20,cmQTL_plate7_2.27.20,C11,10000,296,r03c11f05p01-ch5sk1fk1fl1.tiff,r03c11f05p01-ch4sk1fk1fl1.tiff,r03c11f05p01-ch3sk1fk1fl1.tiff,r03c11f05p01-ch2sk1fk1fl1.tiff,r03c11f05p01-ch1sk1fk1fl1.tiff
cmQTLplate7-2-27-20,C19,3,5,cmQTLplate7-2-27-20,cmQTL_plate7_2.27.20,C19,10000,285,r03c19f05p01-ch5sk1fk1fl1.tiff,r03c19f05p01-ch4sk1fk1fl1.tiff,r03c19f05p01-ch3sk1fk1fl1.tiff,r03c19f05p01-ch2sk1fk1fl1.tiff,r03c19f05p01-ch1sk1fk1fl1.tiff
cmQTLplate7-2-27-20,D05,4,5,cmQTLplate7-2-27-20,cmQTL_plate7_2.27.20,D05,10000,304,r04c05f05p01-ch5sk1fk1fl1.tiff,r04c05f05p01-ch4sk1fk1fl1.tiff,r04c05f05p01-ch3sk1fk1fl1.tiff,r04c05f05p01-ch2sk1fk1fl1.tiff,r04c05f05p01-ch1sk1fk1fl1.tiff
cmQTLplate7-2-27-20,D14,4,5,cmQTLplate7-2-27-20,cmQTL_plate7_2.27.20,D14,10000,278,r04c14f05p01-ch5sk1fk1fl1.tiff,r04c14f05p01-ch4sk1fk1fl1.tiff,r04c14f05p01-ch3sk1fk1fl1.tiff,r04c14f05p01-ch2sk1fk1fl1.tiff,r04c14f05p01-ch1sk1fk1fl1.tiff
cmQTLplate7-2-27-20,D15,4,5,cmQTLplate7-2-27-20,cmQTL_plate7_2.27.20,D15,10000,305,r04c15f05p01-ch5sk1fk1fl1.tiff,r04c15f05p01-ch4sk1fk1fl1.tiff,r04c15f05p01-ch3sk1fk1fl1.tiff,r04c15f05p01-ch2sk1fk1fl1.tiff,r04c15f05p01-ch1sk1fk1fl1.tiff
cmQTLplate7-2-27-20,E01,5,5,cmQTLplate7-2-27-20,cmQTL_plate7_2.27.20,E01,10000,294,r05c01f05p01-ch5sk1fk1fl1.tiff,r05c01f05p01-ch4sk1fk1fl1.tiff,r05c01f05p01-ch3sk1fk1fl1.tiff,r05c01f05p01-ch2sk1fk1fl1.tiff,r05c01f05p01-ch1sk1fk1fl1.tiff
cmQTLplate7-2-27-20,E17,5,5,cmQTLplate7-2-27-20,cmQTL_plate7_2.27.20,E17,10000,290,r05c17f05p01-ch5sk1fk1fl1.tiff,r05c17f05p01-ch4sk1fk1fl1.tiff,r05c17f05p01-ch3sk1fk1fl1.tiff,r05c17f05p01-ch2sk1fk1fl1.tiff,r05c17f05p01-ch1sk1fk1fl1.tiff
cmQTLplate7-2-27-20,F14,6,5,cmQTLplate7-2-27-20,cmQTL_plate7_2.27.20,F14,10000,281,r06c14f05p01-ch5sk1fk1fl1.tiff,r06c14f05p01-ch4sk1fk1fl1.tiff,r06c14f05p01-ch3sk1fk1fl1.tiff,r06c14f05p01-ch2sk1fk1fl1.tiff,r06c14f05p01-ch1sk1fk1fl1.tiff
cmQTLplate7-2-27-20,F23,6,5,cmQTLplate7-2-27-20,cmQTL_plate7_2.27.20,F23,10000,295,r06c23f05p01-ch5sk1fk1fl1.tiff,r06c23f05p01-ch4sk1fk1fl1.tiff,r06c23f05p01-ch3sk1fk1fl1.tiff,r06c23f05p01-ch2sk1fk1fl1.tiff,r06c23f05p01-ch1sk1fk1fl1.tiff
cmQTLplate7-2-27-20,G08,7,5,cmQTLplate7-2-27-20,cmQTL_plate7_2.27.20,G08,10000,286,r07c08f05p01-ch5sk1fk1fl1.tiff,r07c08f05p01-ch4sk1fk1fl1.tiff,r07c08f05p01-ch3sk1fk1fl1.tiff,r07c08f05p01-ch2sk1fk1fl1.tiff,r07c08f05p01-ch1sk1fk1fl1.tiff
cmQTLplate7-2-27-20,G17,7,5,cmQTLplate7-2-27-20,cmQTL_plate7_2.27.20,G17,10000,298,r07c17f05p01-ch5sk1fk1fl1.tiff,r07c17f05p01-ch4sk1fk1fl1.tiff,r07c17f05p01-ch3sk1fk1fl1.tiff,r07c17f05p01-ch2sk1fk1fl1.tiff,r07c17f05p01-ch1sk1fk1fl1.tiff
cmQTLplate7-2-27-20,G19,7,5,cmQTLplate7-2-27-20,cmQTL_plate7_2.27.20,G19,10000,277,r07c19f05p01-ch5sk1fk1fl1.tiff,r07c19f05p01-ch4sk1fk1fl1.tiff,r07c19f05p01-ch3sk1fk1fl1.tiff,r07c19f05p01-ch2sk1fk1fl1.tiff,r07c19f05p01-ch1sk1fk1fl1.tiff
cmQTLplate7-2-27-20,H03,8,5,cmQTLplate7-2-27-20,cmQTL_plate7_2.27.20,H03,10000,302,r08c03f05p01-ch5sk1fk1fl1.tiff,r08c03f05p01-ch4sk1fk1fl1.tiff,r08c03f05p01-ch3sk1fk1fl1.tiff,r08c03f05p01-ch2sk1fk1fl1.tiff,r08c03f05p01-ch1sk1fk1fl1.tiff
cmQTLplate7-2-27-20,H06,8,5,cmQTLplate7-2-27-20,cmQTL_plate7_2.27.20,H06,10000,280,r08c06f05p01-ch5sk1fk1fl1.tiff,r08c06f05p01-ch4sk1fk1fl1.tiff,r08c06f05p01-ch3sk1fk1fl1.tiff,r08c06f05p01-ch2sk1fk1fl1.tiff,r08c06f05p01-ch1sk1fk1fl1.tiff
cmQTLplate7-2-27-20,H10,8,5,cmQTLplate7-2-27-20,cmQTL_plate7_2.27.20,H10,10000,291,r08c10f05p01-ch5sk1fk1fl1.tiff,r08c10f05p01-ch4sk1fk1fl1.tiff,r08c10f05p01-ch3sk1fk1fl1.tiff,r08c10f05p01-ch2sk1fk1fl1.tiff,r08c10f05p01-ch1sk1fk1fl1.tiff
cmQTLplate7-2-27-20,H11,8,5,cmQTLplate7-2-27-20,cmQTL_plate7_2.27.20,H11,10000,284,r08c11f05p01-ch5sk1fk1fl1.tiff,r08c11f05p01-ch4sk1fk1fl1.tiff,r08c11f05p01-ch3sk1fk1fl1.tiff,r08c11f05p01-ch2sk1fk1fl1.tiff,r08c11f05p01-ch1sk1fk1fl1.tiff
cmQTLplate7-2-27-20,I10,9,5,cmQTLplate7-2-27-20,cmQTL_plate7_2.27.20,I10,10000,287,r09c10f05p01-ch5sk1fk1fl1.tiff,r09c10f05p01-ch4sk1fk1fl1.tiff,r09c10f05p01-ch3sk1fk1fl1.tiff,r09c10f05p01-ch2sk1fk1fl1.tiff,r09c10f05p01-ch1sk1fk1fl1.tiff
cmQTLplate7-2-27-20,I11,9,5,cmQTLplate7-2-27-20,cmQTL_plate7_2.27.20,I11,10000,279,r09c11f05p01-ch5sk1fk1fl1.tiff,r09c11f05p01-ch4sk1fk1fl1.tiff,r09c11f05p01-ch3sk1fk1fl1.tiff,r09c11f05p01-ch2sk1fk1fl1.tiff,r09c11f05p01-ch1sk1fk1fl1.tiff
cmQTLplate7-2-27-20,J05,10,5,cmQTLplate7-2-27-20,cmQTL_plate7_2.27.20,J05,10000,117,r10c05f05p01-ch5sk1fk1fl1.tiff,r10c05f05p01-ch4sk1fk1fl1.tiff,r10c05f05p01-ch3sk1fk1fl1.tiff,r10c05f05p01-ch2sk1fk1fl1.tiff,r10c05f05p01-ch1sk1fk1fl1.tiff
cmQTLplate7-2-27-20,J13,10,5,cmQTLplate7-2-27-20,cmQTL_plate7_2.27.20,J13,10000,231,r10c13f05p01-ch5sk1fk1fl1.tiff,r10c13f05p01-ch4sk1fk1fl1.tiff,r10c13f05p01-ch3sk1fk1fl1.tiff,r10c13f05p01-ch2sk1fk1fl1.tiff,r10c13f05p01-ch1sk1fk1fl1.tiff
cmQTLplate7-2-27-20,J15,10,5,cmQTLplate7-2-27-20,cmQTL_plate7_2.27.20,J15,10000,272,r10c15f05p01-ch5sk1fk1fl1.tiff,r10c15f05p01-ch4sk1fk1fl1.tiff,r10c15f05p01-ch3sk1fk1fl1.tiff,r10c15f05p01-ch2sk1fk1fl1.tiff,r10c15f05p01-ch1sk1fk1fl1.tiff
cmQTLplate7-2-27-20,J18,10,5,cmQTLplate7-2-27-20,cmQTL_plate7_2.27.20,J18,10000,307,r10c18f05p01-ch5sk1fk1fl1.tiff,r10c18f05p01-ch4sk1fk1fl1.tiff,r10c18f05p01-ch3sk1fk1fl1.tiff,r10c18f05p01-ch2sk1fk1fl1.tiff,r10c18f05p01-ch1sk1fk1fl1.tiff
cmQTLplate7-2-27-20,K06,11,5,cmQTLplate7-2-27-20,cmQTL_plate7_2.27.20,K06,10000,308,r11c06f05p01-ch5sk1fk1fl1.tiff,r11c06f05p01-ch4sk1fk1fl1.tiff,r11c06f05p01-ch3sk1fk1fl1.tiff,r11c06f05p01-ch2sk1fk1fl1.tiff,r11c06f05p01-ch1sk1fk1fl1.tiff
cmQTLplate7-2-27-20,K07,11,5,cmQTLplate7-2-27-20,cmQTL_plate7_2.27.20,K07,10000,269,r11c07f05p01-ch5sk1fk1fl1.tiff,r11c07f05p01-ch4sk1fk1fl1.tiff,r11c07f05p01-ch3sk1fk1fl1.tiff,r11c07f05p01-ch2sk1fk1fl1.tiff,r11c07f05p01-ch1sk1fk1fl1.tiff
cmQTLplate7-2-27-20,K12,11,5,cmQTLplate7-2-27-20,cmQTL_plate7_2.27.20,K12,10000,14,r11c12f05p01-ch5sk1fk1fl1.tiff,r11c12f05p01-ch4sk1fk1fl1.tiff,r11c12f05p01-ch3sk1fk1fl1.tiff,r11c12f05p01-ch2sk1fk1fl1.tiff,r11c12f05p01-ch1sk1fk1fl1.tiff
cmQTLplate7-2-27-20,L02,12,5,cmQTLplate7-2-27-20,cmQTL_plate7_2.27.20,L02,10000,273,r12c02f05p01-ch5sk1fk1fl1.tiff,r12c02f05p01-ch4sk1fk1fl1.tiff,r12c02f05p01-ch3sk1fk1fl1.tiff,r12c02f05p01-ch2sk1fk1fl1.tiff,r12c02f05p01-ch1sk1fk1fl1.tiff
cmQTLplate7-2-27-20,L09,12,5,cmQTLplate7-2-27-20,cmQTL_plate7_2.27.20,L09,10000,293,r12c09f05p01-ch5sk1fk1fl1.tiff,r12c09f05p01-ch4sk1fk1fl1.tiff,r12c09f05p01-ch3sk1fk1fl1.tiff,r12c09f05p01-ch2sk1fk1fl1.tiff,r12c09f05p01-ch1sk1fk1fl1.tiff
cmQTLplate7-2-27-20,L14,12,5,cmQTLplate7-2-27-20,cmQTL_plate7_2.27.20,L14,10000,306,r12c14f05p01-ch5sk1fk1fl1.tiff,r12c14f05p01-ch4sk1fk1fl1.tiff,r12c14f05p01-ch3sk1fk1fl1.tiff,r12c14f05p01-ch2sk1fk1fl1.tiff,r12c14f05p01-ch1sk1fk1fl1.tiff
cmQTLplate7-2-27-20,L24,12,5,cmQTLplate7-2-27-20,cmQTL_plate7_2.27.20,L24,10000,299,r12c24f05p01-ch5sk1fk1fl1.tiff,r12c24f05p01-ch4sk1fk1fl1.tiff,r12c24f05p01-ch3sk1fk1fl1.tiff,r12c24f05p01-ch2sk1fk1fl1.tiff,r12c24f05p01-ch1sk1fk1fl1.tiff
cmQTLplate7-2-27-20,M14,13,5,cmQTLplate7-2-27-20,cmQTL_plate7_2.27.20,M14,10000,292,r13c14f05p01-ch5sk1fk1fl1.tiff,r13c14f05p01-ch4sk1fk1fl1.tiff,r13c14f05p01-ch3sk1fk1fl1.tiff,r13c14f05p01-ch2sk1fk1fl1.tiff,r13c14f05p01-ch1sk1fk1fl1.tiff
cmQTLplate7-2-27-20,M24,13,5,cmQTLplate7-2-27-20,cmQTL_plate7_2.27.20,M24,10000,274,r13c24f05p01-ch5sk1fk1fl1.tiff,r13c24f05p01-ch4sk1fk1fl1.tiff,r13c24f05p01-ch3sk1fk1fl1.tiff,r13c24f05p01-ch2sk1fk1fl1.tiff,r13c24f05p01-ch1sk1fk1fl1.tiff
cmQTLplate7-2-27-20,N04,14,5,cmQTLplate7-2-27-20,cmQTL_plate7_2.27.20,N04,10000,303,r14c04f05p01-ch5sk1fk1fl1.tiff,r14c04f05p01-ch4sk1fk1fl1.tiff,r14c04f05p01-ch3sk1fk1fl1.tiff,r14c04f05p01-ch2sk1fk1fl1.tiff,r14c04f05p01-ch1sk1fk1fl1.tiff
cmQTLplate7-2-27-20,N12,14,5,cmQTLplate7-2-27-20,cmQTL_plate7_2.27.20,N12,10000,271,r14c12f05p01-ch5sk1fk1fl1.tiff,r14c12f05p01-ch4sk1fk1fl1.tiff,r14c12f05p01-ch3sk1fk1fl1.tiff,r14c12f05p01-ch2sk1fk1fl1.tiff,r14c12f05p01-ch1sk1fk1fl1.tiff
cmQTLplate7-2-27-20,N19,14,5,cmQTLplate7-2-27-20,cmQTL_plate7_2.27.20,N19,10000,282,r14c19f05p01-ch5sk1fk1fl1.tiff,r14c19f05p01-ch4sk1fk1fl1.tiff,r14c19f05p01-ch3sk1fk1fl1.tiff,r14c19f05p01-ch2sk1fk1fl1.tiff,r14c19f05p01-ch1sk1fk1fl1.tiff
cmQTLplate7-2-27-20,O06,15,5,cmQTLplate7-2-27-20,cmQTL_plate7_2.27.20,O06,10000,275,r15c06f05p01-ch5sk1fk1fl1.tiff,r15c06f05p01-ch4sk1fk1fl1.tiff,r15c06f05p01-ch3sk1fk1fl1.tiff,r15c06f05p01-ch2sk1fk1fl1.tiff,r15c06f05p01-ch1sk1fk1fl1.tiff
cmQTLplate7-2-27-20,O11,15,5,cmQTLplate7-2-27-20,cmQTL_plate7_2.27.20,O11,10000,288,r15c11f05p01-ch5sk1fk1fl1.tiff,r15c11f05p01-ch4sk1fk1fl1.tiff,r15c11f05p01-ch3sk1fk1fl1.tiff,r15c11f05p01-ch2sk1fk1fl1.tiff,r15c11f05p01-ch1sk1fk1fl1.tiff
cmQTLplate7-2-27-20,O13,15,5,cmQTLplate7-2-27-20,cmQTL_plate7_2.27.20,O13,10000,270,r15c13f05p01-ch5sk1fk1fl1.tiff,r15c13f05p01-ch4sk1fk1fl1.tiff,r15c13f05p01-ch3sk1fk1fl1.tiff,r15c13f05p01-ch2sk1fk1fl1.tiff,r15c13f05p01-ch1sk1fk1fl1.tiff
cmQTLplate7-2-27-20,O23,15,5,cmQTLplate7-2-27-20,cmQTL_plate7_2.27.20,O23,10000,289,r15c23f05p01-ch5sk1fk1fl1.tiff,r15c23f05p01-ch4sk1fk1fl1.tiff,r15c23f05p01-ch3sk1fk1fl1.tiff,r15c23f05p01-ch2sk1fk1fl1.tiff,r15c23f05p01-ch1sk1fk1fl1.tiff
cmQTLplate7-2-27-20,P17,16,5,cmQTLplate7-2-27-20,cmQTL_plate7_2.27.20,P17,10000,300,r16c17f05p01-ch5sk1fk1fl1.tiff,r16c17f05p01-ch4sk1fk1fl1.tiff,r16c17f05p01-ch3sk1fk1fl1.tiff,r16c17f05p01-ch2sk1fk1fl1.tiff,r16c17f05p01-ch1sk1fk1fl1.tiff
